,,,,,,,,,,,,,,,,,,,,,,,,,,,,,,,,,,,,,,,,,,,,,,,,,,,,,,,,,,,,,,,,,,,,,,,,,,,,,,,,,,,,,,,<<<<<,,,,<<<,,,,,,,,,,,,,,,,,,
,,,,,,,,,,Curve represent the effective value increase in the next 30 upgrades,,,,,,,,,,,,,,,,,,,,,,,,,,,,,,,,,,,,,,,,,,,,,,,,,,,,,,,,,,,,,,,,,,,,,,,,,,,,,,,,,,,,,,,,,,,,,,,,,,,
,,,, ↓ Health Lab PATH  ↓,The Effective Health Lab Path (0.24.5) (Time focused),,,,,, ↓ Health WS+ PATH  ↓,The Effective Health WS+ Path (0.24.5) (100B Coin),,,,,, ↓ Regen PATH  ↓,The Effective Wall Regen Lab Path (0.24.5) (Time focused),,,,,,,Total eHP Lab Time,,Modules,,,,,,Perks,,,TRUE,,Stats/Formulas,,Lab,,,,Workshop ($),,Workshop+,,,Relics,Vault,,LAB PATH UPDATE RUNNING,,,,,,,,,,,,eHP Calculation,,,,,,,,,,eHP SIMULATIONS,,,,,,,,,,,,TIME USAGE VS eHP GAIN,,,,,,,,,,,,LAB PATH UPDATE MATRIX,,,,,,,,,,
,,,1.5,,Lab,Level,Duration,EHP progress / day,EHP after this upgrade,Running Time,,Lab,Level,Coin Cost,RoI / 100B Coins,EHP after this upgrade,,,Lab,Level,Duration,WRegen progress / day,WRegen after this upgrade,,,1y 152d 16h  9m+,,,,,,,,Name,Quantity,Value,Active,,,,Current,Target,Max,Value,Current,Value,Current,Max,Value,,,,Health,Defense %,Defense Absolute,Wall Health,Wall Fortification,Recovery Package Max,Standard Perks Bonus,Improve Trade-Off Perks,Chrono Field Reduction %,Death Wave Health,Chain Thunder,,Health,Defense %,Defense Absolute,Wall Fortification,Recovery Package Max,Chrono Field Reduction %,Death Wave Health,Chain Thunder,eHP,,Health,Defense %,Defense Absolute,Wall Health,Wall Fortification,Recovery Package Max,Standard Perks Bonus,Improve Trade-Off Perks,Chrono Field Reduction %,Death Wave Health,Chain Thunder,,Health,Defense %,Defense Absolute,Wall Health,Wall Fortification,Recovery Package Max,Standard Perks Bonus,Improve Trade-Off Perks,Chrono Field Reduction %,Death Wave Health,Chain Thunder,,Health,Defense %,Defense Absolute,Wall Health,Wall Fortification,Recovery Package Max,Standard Perks Bonus,Improve Trade-Off Perks,Chrono Field Reduction %,Death Wave Health,Chain Thunder
,,,,,,,,,,x1.5,,,,,,,,,,,,,,x1,,Current eHP,,Armor,x1.012,,,,,Health,5,x2.00,TRUE,,,Health,0,,100,x1.00,2000,7.54E+07,0,300,x1.00,0%,-,,0,0,0,0,0,0,0,0,0,0,0,,2.75E+07,x4,1.41E+06,,,x1.000,500%,x1.000,1.133E+09,,1.167E+09,1.143E+09,1.134E+09,,,,1.154E+09,1.145E+09,,1.189E+09,,,18326.324844%,19.758575%,187.960870%,,,,26.636738%,0.970344%,,5.939169%,,,1,,,,,,,,,,
,,,0:00:09,,Health,lvl 1,0d  0h  0m,27489.487 267%,1.17 B,0d  0h  0m,,,,,,,,,Health Regen,lvl 1,0d  0h  0m,18514.285 714%,4.1 M,0d  0h  0m,,1.13 B,,Defense %,1%,,,,,Health Regen,5,x4.75,TRUE,,,Health Regen,0,,100,x1.00,1500,7.48E+06,0,300,x1.00,0%,0%,,1,0,0,0,0,0,0,0,0,0,0,,2.83E+07,x4,1.41E+06,,,x1.000,500%,x1.000,1.167E+09,,1.201E+09,1.177E+09,1.167E+09,,,,1.188E+09,1.179E+09,,1.225E+09,,,648.878531%,19.758575%,182.540258%,,,,26.636738%,0.970344%,,5.940926%,,,1,,,,,,,,,,
,,,0:04:16,,Health,lvl 2,0d  0h  4m,973.317 796%,1.2 B,0d  0h  4m,,,,,,,,,Health Regen,lvl 2,0d  0h  6m,655.339 806%,4.22 M,0d  0h  6m,,,,Defense Absolute,15%,,,,,Extra Defense,5,20%,TRUE,,,Defense %,0,,50,0.00%,99,49.50%,-,,,-,-,,2,0,0,0,0,0,0,0,0,0,0,,2.91E+07,x4,1.41E+06,,,x1.000,500%,x1.000,1.201E+09,,1.234E+09,1.210E+09,1.201E+09,,,,1.223E+09,1.213E+09,,1.260E+09,,,246.122939%,19.758575%,177.423532%,,,,26.636738%,0.970344%,,5.942584%,,,1,,,,,,,,,,
,,,0:10:56,,Health,lvl 3,0d  0h 10m,369.184 409%,1.23 B,0d  0h 15m,,,,,,,,,Health Regen,lvl 3,0d  0h 16m,248.504 372%,4.34 M,0d  0h 23m,,Total Wall Regen Lab Time,,Wall Health,0%,,,,,Absolute Defense,5,x1.75,TRUE,,,Defense Absolute,0,,100,x1.00,1000,5.39E+05,0,300,x1.00,0%,0%,,3,0,0,0,0,0,0,0,0,0,0,,3.00E+07,x4,1.41E+06,,,x1.000,500%,x1.000,1.234E+09,,1.268E+09,1.244E+09,1.235E+09,,,,1.257E+09,1.247E+09,,1.295E+09,,,124.514517%,19.758575%,172.585836%,,,,26.636738%,0.970344%,,5.944152%,,,,,1,,,,,,,,
,,,0:00:09,,Defense Absolute,lvl 1,0d  0h  0m,258.878 754%,1.23 B,0d  0h 15m,,,,,,,,,Health Regen,lvl 4,0d  0h 31m,125.686 134%,4.46 M,0d  0h 54m,,,,Health Regen,0%,,,,,E. Dmg -50% / Dmg -50%,,-50%,TRUE,,,Wall Health,0,,50,0.00%,200,40.00%,0,300,x1.00,-,-,,3,0,1,0,0,0,0,0,0,0,0,,3.00E+07,x4,1.45E+06,,,x1.000,500%,x1.000,1.235E+09,,1.268E+09,1.245E+09,1.235E+09,,,,1.257E+09,1.247E+09,,1.296E+09,,,124.479706%,19.758575%,6.290433%,,,,26.636738%,0.970344%,,5.942490%,,,1,,,,,,,,,,
,,,0:21:01,,Health,lvl 4,0d  0h 21m,186.719 559%,1.27 B,0d  0h 36m,,,,,,,,,Health Regen,lvl 5,0d  0h 52m,73.121 192%,4.57 M,0d  1h 47m,,6y 175d  2h  3m+,,,,,,,,E. HP -50% / Rgn & Lifesteal -90%,,-50%,TRUE,,,Wall Fortification,0,,60,x0.0,,,,,,,,,4,0,1,0,0,0,0,0,0,0,0,,3.08E+07,x4,1.45E+06,,,x1.000,500%,x1.000,1.268E+09,,1.302E+09,1.279E+09,1.269E+09,,,,1.291E+09,1.281E+09,,1.331E+09,,,72.437945%,19.758575%,6.123513%,,,,26.636738%,0.970344%,,5.944018%,,,1,,,,,,,,,,
,,,0:35:10,,Health,lvl 5,0d  0h 35m,108.656 918%,1.3 B,0d  1h 11m,,,,,,,,,Wall Regen,lvl 2,1d  9h 21m,71.964 018%,9.15 M,1d 11h  8m,,Current Wall Regen / sec,,Generator,-,,,,,x1.8 Coin / Health -70%,,x1.80,TRUE,,,Wall Regen,0,,30,0.00%,,,,,,,,,5,0,1,0,0,0,0,0,0,0,0,,3.16E+07,x4,1.45E+06,,,x1.000,500%,x1.000,1.302E+09,,1.336E+09,1.313E+09,1.302E+09,,,,1.326E+09,1.315E+09,,1.366E+09,,,46.529100%,19.758575%,5.965224%,,,,26.636738%,0.970344%,,5.945468%,,,1,,,,,,,,,,
,,,0:53:20,,Health,lvl 6,0d  0h 53m,69.793 651%,1.34 B,0d  2h  5m,,,,,,,,,Health Regen,lvl 6,0d  1h 20m,46.956 522%,9.39 M,1d 12h 28m,,,,Max Recovery,0,,,,,Regen x8 / Health -60%,,x8.00,TRUE,,,Max Recovery,0,,20,0%,99,x4.5,0,200,x1.00,,,,6,0,1,0,0,0,0,0,0,0,0,,3.24E+07,x4,1.45E+06,,,x1.000,500%,x1.000,1.336E+09,,1.369E+09,1.347E+09,1.336E+09,,,,1.360E+09,1.349E+09,,1.402E+09,,,31.280451%,19.758575%,5.814911%,,,,26.636738%,0.970344%,,5.946844%,,,1,,,,,,,,,,
,,,1:17:20,,Health,lvl 7,0d  1h 17m,46.920 676%,1.37 B,0d  3h 22m,,,,,,,,,Health Regen,lvl 7,0d  1h 56m,31.560 491%,9.63 M,1d 14h 24m,,3.98 M,,,,,,,,,,,,,,Standard Perk Bonus,0,,25,0.00%,,,,,,,,,7,0,1,0,0,0,0,0,0,0,0,,3.33E+07,x4,1.45E+06,,,x1.000,500%,x1.000,1.369E+09,,1.403E+09,1.380E+09,1.370E+09,,,,1.394E+09,1.383E+09,,1.437E+09,,,22.260046%,19.758575%,5.671988%,,,,26.636738%,0.970344%,,5.948152%,,,,,,,,,1,,,,
,,,1:06:00,,Standard Perks Bonus,lvl 1,0d  1h  6m,39.955 107%,1.39 B,0d  4h 28m,,,,,,,,,Wall Regen,lvl 3,1d 15h 16m,30.560 272%,14.44 M,3d  5h 40m,,,,,,Total Value,Base Value,Math Value,,Cards,,,TRUE,,,Improved Trade-Off Perks,0,,10,0.00%,,"Here is a little epitaph
So we can all remind of
1410c's amazing initial sheet
That I used to make that table here",,,,,,,7,0,1,0,0,0,1,0,0,0,0,,3.36E+07,x4,1.47E+06,,,x1.000,500%,x1.000,1.394E+09,,1.429E+09,1.406E+09,1.395E+09,,,,1.420E+09,1.408E+09,,1.463E+09,,,22.260046%,19.922546%,5.671988%,,,,7.882022%,0.970344%,,5.948152%,,,1,,,,,,,,,,
,,,1:46:00,,Health,lvl 8,0d  1h 46m,33.390 069%,1.43 B,0d  6h 14m,,,,,,,,,Health Regen,lvl 8,0d  2h 39m,22.454 390%,14.8 M,3d  8h 19m,,,,Health,,137.42 M,1.374E+07,1.374E+08,,Name,Level,Value,Active,,,Chrono Field ⚠️,0,,30,10.0%,,,,,,,,,8,0,1,0,0,0,1,0,0,0,0,,3.44E+07,x4,1.47E+06,,,x1.000,500%,x1.000,1.429E+09,,1.463E+09,1.440E+09,1.429E+09,,,,1.455E+09,1.443E+09,,1.499E+09,,,16.371760%,19.922546%,5.535921%,,,,7.882022%,0.970344%,,5.949398%,,,,1,,,,,,,,,
,,,0:39:59,,Defense %,lvl 1,0d  0h 39m,29.883 820%,1.44 B,0d  6h 54m,,,,,,,,,Wall Regen,lvl 4,1d 22h 38m,17.155 111%,19.73 M,5d  6h 57m,,,,Health Regen,,39.78 M,1.05E+06,3.978E+07,,Health,Lvl 1,x1.5,TRUE,,,Death Wave Health,0,,30,500%,,,,,,,,,8,1,1,0,0,0,1,0,0,0,0,,3.44E+07,x4,1.47E+06,,,x1.000,500%,x1.000,1.440E+09,,1.475E+09,1.452E+09,1.441E+09,,,,1.467E+09,1.455E+09,,1.512E+09,,,16.371760%,10.856044%,5.535921%,,,,7.912259%,0.970344%,,5.949398%,,,1,,,,,,,,,,
,,,2:20:40,,Health,lvl 9,0d  2h 20m,24.557 640%,1.47 B,0d  9h 15m,,,,,,,,,Health Regen,lvl 9,0d  3h 31m,16.511 237%,20.21 M,5d 10h 28m,,,,Defense %,,75.50%,55.5%,75.5%,,Health Regen,Lvl 1,x1.4,TRUE,,,Chain Thunder ⚠️,0,,30,0%,,,2024 - 2024,,,,,,9,1,1,0,0,0,1,0,0,0,0,,3.53E+07,x4,1.47E+06,,,x1.000,500%,x1.000,1.475E+09,,1.510E+09,1.487E+09,1.475E+09,,,,1.502E+09,1.490E+09,,1.548E+09,,,12.402623%,10.856044%,5.406230%,,,,7.912259%,0.970344%,,5.950586%,,,1,,,,,,,,,,
,,,3:01:20,,Health,lvl 10,0d  3h  1m,18.603 935%,1.51 B,0d 12h 16m,,,,,,,,,Standard Perks Bonus,lvl 1,0d  1h 39m,14.545 455%,20.41 M,5d 12h  7m,,,,Defense Absolute,,1.41 M,8.054E+05,1.409E+06,,Extra Defense,Lvl 1,5%,TRUE,,,,,,,,,,,,,,,,10,1,1,0,0,0,1,0,0,0,0,,3.61E+07,x4,1.47E+06,,,x1.000,500%,x1.000,1.510E+09,,1.544E+09,1.522E+09,1.510E+09,,,,1.537E+09,1.525E+09,,1.584E+09,,,9.610177%,10.856044%,5.282477%,,,,7.912259%,0.970344%,,5.951719%,,,,1,,,,,,,,,
,,,1:14:00,,Defense %,lvl 2,0d  1h 14m,16.284 066%,1.52 B,0d 13h 30m,,,,,,,,,Health Regen,lvl 10,0d  4h 32m,12.505 790%,20.89 M,5d 16h 39m,,,,Wall Health,FALSE,0,0.0%,0.00%,,Fortress,Lvl 1,x1.3,TRUE,,,,,,,,,,,,,,,,10,2,1,0,0,0,1,0,0,0,0,,3.61E+07,x4,1.47E+06,,,x1.000,500%,x1.000,1.522E+09,,1.557E+09,1.535E+09,1.523E+09,,,,1.550E+09,1.538E+09,,1.598E+09,,,9.610177%,7.106374%,5.282477%,,,,7.943006%,0.970344%,,5.951719%,,,1,,,,,,,,,,
,,,3:48:40,,Health,lvl 11,0d  3h 48m,14.415 265%,1.56 B,0d 17h 19m,,,,,,,,,Wall Regen,lvl 5,2d  9h 32m,10.428 737%,26.12 M,8d  2h 11m,,,,Wall Fortification,,0,,x0.0,,,,,,,,,,,,,,,,,,,,,11,2,1,0,0,0,1,0,0,0,0,,3.69E+07,x4,1.47E+06,,,x1.000,500%,x1.000,1.557E+09,,1.592E+09,1.570E+09,1.557E+09,,,,1.586E+09,1.573E+09,,1.634E+09,,,7.618261%,7.106374%,5.164262%,,,,7.943006%,0.970344%,,5.952801%,,,,,,,,,1,,,,
,,,3:42:40,,Standard Perks Bonus,lvl 2,0d  3h 42m,11.914 509%,1.59 B,0d 21h  1m,,,,,,,,,Health Regen,lvl 11,0d  5h 43m,9.688 271%,26.72 M,8d  7h 54m,,,,Wall Regen,,0,,0%,,User Specific Guess,,,,,,,,,,,,,,,,,,,11,2,1,0,0,0,2,0,0,0,0,,3.73E+07,x4,1.48E+06,,,x1.000,500%,x1.000,1.586E+09,,1.621E+09,1.599E+09,1.586E+09,,,,1.615E+09,1.602E+09,,1.664E+09,,,7.618261%,7.166853%,5.164262%,,,,4.575668%,0.970344%,,5.952801%,,,1,,,,,,,,,,
,,,4:42:00,,Health,lvl 12,0d  4h 42m,11.427 391%,1.62 B,1d  1h 43m,,,,,,,,,Health Regen,lvl 12,0d  7h  3m,7.678 771%,27.32 M,8d 14h 57m,,,,Max Recovery,FALSE,0,x0.00,x0.00,,Enemies Attacking Together,,,1,,,,,,,,,,,,,,,,12,2,1,0,0,0,2,0,0,0,0,,3.81E+07,x4,1.48E+06,,,x1.000,500%,x1.000,1.621E+09,,1.657E+09,1.635E+09,1.622E+09,,,,1.651E+09,1.638E+09,,1.702E+09,,,6.132270%,7.166853%,5.051223%,,,,4.575668%,0.970344%,,5.953836%,,,,1,,,,,,,,,
,,Health,1:54:00,,Defense %,lvl 3,0d  1h 54m,10.750 280%,1.63 B,1d  3h 37m,,,,,,,,,Wall Regen,lvl 6,3d  3h 15m,6.378 738%,32.79 M,11d 18h 12m,,,,Standard Perk Bonus,,,,,,CL DMG does % of Total Damage:,,,1%,,,,,,,,,,,,,,,,12,3,1,0,0,0,2,0,0,0,0,,3.81E+07,x4,1.48E+06,,,x1.000,500%,x1.000,1.635E+09,,1.671E+09,1.649E+09,1.635E+09,,,,1.665E+09,1.651E+09,,1.716E+09,,,6.132270%,4.885579%,5.051223%,,,,4.594014%,0.970344%,,5.953836%,,,1,,,,,,,,,,
,,Defense %,5:42:40,,Health,lvl 13,0d  5h 42m,9.198 406%,1.67 B,1d  9h 20m,,,,,,,,,Health Regen,lvl 13,0d  8h 34m,6.179 904%,33.51 M,12d  2h 46m,,,,Improved Trade-Off Perks,,,,,,,,,,,,,,,,,,,,,,,,,13,3,1,0,0,0,2,0,0,0,0,,3.90E+07,x4,1.48E+06,,,x1.000,500%,x1.000,1.671E+09,,1.707E+09,1.685E+09,1.671E+09,,,,1.702E+09,1.688E+09,,1.754E+09,,,5.015401%,4.885579%,4.943026%,,,,4.594014%,0.970344%,,5.954827%,,,,,,,,,,,,1,
,,Defense Absolute,13:19:59,,Death Wave Health,lvl 1,0d 13h 19m,8.932 240%,1.75 B,1d 22h 40m,,,,,,,,,Health Regen,lvl 14,0d 10h 15m,5.053 518%,34.23 M,12d 13h  1m,,,,Chrono Field ⚠️,FALSE,,,,,,,,,,,,,,,,,,,,,,,,13,3,1,0,0,0,2,0,0,1,0,,3.90E+07,x4,1.48E+06,,,x1.000,525%,x1.000,1.754E+09,,1.791E+09,1.769E+09,1.754E+09,,,,1.786E+09,1.771E+09,,1.837E+09,,,5.017203%,4.885579%,4.709335%,,,,4.594014%,0.970344%,,4.001920%,,,1,,,,,,,,,,
,,Chrono Field Reduction %,6:50:00,,Health,lvl 14,0d  6h 50m,7.525 805%,1.79 B,2d  5h 30m,,,,,,,,,Standard Perks Bonus,lvl 2,0d  5h 34m,4.268 690%,34.57 M,12d 18h 35m,,,,Death Wave Health,TRUE,,,,,,,,,,,,,,,,,,,,,,,,14,3,1,0,0,0,2,0,0,1,0,,3.98E+07,x4,1.48E+06,,,x1.000,525%,x1.000,1.791E+09,,1.829E+09,1.807E+09,1.792E+09,,,,1.824E+09,1.809E+09,,1.876E+09,,,4.155227%,4.885579%,4.610542%,,,,4.594014%,0.970344%,,4.002528%,,,,1,,,,,,,,,
,,Standard Perks Bonus,2:48:40,,Defense %,lvl 4,0d  2h 48m,7.328 369%,1.81 B,2d  8h 19m,,,,,,,,,Health Regen,lvl 15,0d 12h  7m,4.184 668%,35.3 M,13d  6h 42m,,,,Chain Thunder ⚠️,FALSE,,,,,,,,,,,,,,,,,,,,,,,,14,4,1,0,0,0,2,0,0,1,0,,3.98E+07,x4,1.48E+06,,,x1.000,525%,x1.000,1.807E+09,,1.845E+09,1.822E+09,1.807E+09,,,,1.840E+09,1.825E+09,,1.892E+09,,,4.155227%,3.342502%,4.610542%,,,,4.612679%,0.970344%,,4.002528%,,,,,,,,,1,,,,
,,Improve Trade-off Perks,6:26:00,,Standard Perks Bonus,lvl 3,0d  6h 26m,6.919 018%,1.84 B,2d 14h 45m,,,,,,,,,Wall Regen,lvl 7,4d  8h 14m,3.837 544%,41.19 M,17d 14h 56m,,,,,,,,,,,,,,,,,,,,,,,,,,,,,14,4,1,0,0,0,3,0,0,1,0,,4.02E+07,x4,1.50E+06,,,x1.000,525%,x1.000,1.840E+09,,1.879E+09,1.856E+09,1.841E+09,,,,1.874E+09,1.859E+09,,1.927E+09,,,4.155227%,3.371694%,4.610542%,,,,3.124017%,0.970344%,,4.002528%,,,,,1,,,,,,,,
,,Recovery Package Max,0:04:16,,Defense Absolute,lvl 2,0d  0h  4m,6.915 813%,1.84 B,2d 14h 49m,,,,,,,,,Health Regen,lvl 16,0d 14h 10m,3.505 071%,42.04 M,18d  5h  6m,,,,,,,,,,,,,,,,,,,,,,,,,,,,,14,4,2,0,0,0,3,0,0,1,0,,4.02E+07,x4,1.54E+06,,,x1.000,525%,x1.000,1.841E+09,,1.879E+09,1.857E+09,1.841E+09,,,,1.875E+09,1.859E+09,,1.928E+09,,,4.154376%,3.371694%,1.798867%,,,,3.124017%,0.970344%,,4.001708%,,,1,,,,,,,,,,
,,Wall Health,8:04:40,,Health,lvl 15,0d  8h  4m,6.231 564%,1.88 B,2d 22h 53m,,,,,,,,,Health Regen,lvl 17,0d 16h 25m,2.963 369%,42.89 M,18d 21h 31m,,,,,,,,,,,,,,,,,,,,,,,,,,,,,15,4,2,0,0,0,3,0,0,1,0,,4.10E+07,x4,1.54E+06,,,x1.000,525%,x1.000,1.879E+09,,1.918E+09,1.896E+09,1.879E+09,,,,1.914E+09,1.898E+09,,1.968E+09,,,3.480220%,3.371694%,1.761913%,,,,3.124017%,0.970344%,,4.002307%,,,,,,,,,,,,1,
,,Wall Fortification,18:54:06,,Death Wave Health,lvl 2,0d 18h 54m,6.003 461%,1.97 B,3d 17h 48m,,,,,,,,,Health Regen,lvl 18,0d 18h 52m,2.527 321%,43.74 M,19d 16h 23m,,,,,,,,,,,,,,,,,,,,,,,,,,,,,15,4,2,0,0,0,3,0,0,2,0,,4.10E+07,x4,1.54E+06,,,x1.000,550%,x1.000,1.968E+09,,2.008E+09,1.985E+09,1.968E+09,,,,2.004E+09,1.988E+09,,2.057E+09,,,3.481342%,3.371694%,1.682368%,,,,3.124017%,0.970344%,,2.937462%,,,1,,,,,,,,,,
,,Chain Thunder,9:26:40,,Health,lvl 16,0d  9h 26m,5.222 013%,2.01 B,4d  3h 14m,,,,,,,,,Standard Perks Bonus,lvl 3,0d  9h 39m,2.438 281%,44.17 M,20d  2h  2m,,,,,,,,,,,,,,,,,,,,,,,,,,,,,16,4,2,0,0,0,3,0,0,2,0,,4.19E+07,x4,1.54E+06,,,x1.000,550%,x1.000,2.008E+09,,2.049E+09,2.026E+09,2.009E+09,,,,2.046E+09,2.029E+09,,2.099E+09,,,2.943711%,3.371694%,1.648493%,,,,3.124017%,0.970344%,,2.937865%,,,,1,,,,,,,,,
,,Death Wave Health,4:08:40,,Defense %,lvl 5,0d  4h  8m,5.057 541%,2.03 B,4d  7h 23m,,,,,,,,,Wall Regen,lvl 8,6d  6h 21m,2.280 393%,50.48 M,26d  8h 23m,,,,,,,,,,,,,,,,,,,,,,,,,,,,,16,5,2,0,0,0,3,0,0,2,0,,4.19E+07,x4,1.54E+06,,,x1.000,550%,x1.000,2.026E+09,,2.067E+09,2.044E+09,2.026E+09,,,,2.064E+09,2.046E+09,,2.117E+09,,,2.943711%,2.323668%,1.648493%,,,,3.137118%,0.970344%,,2.937865%,,,,,,,,,1,,,,
,,,9:29:20,,Standard Perks Bonus,lvl 4,0d  9h 29m,4.705 676%,2.06 B,4d 16h 52m,,,,,,,,,Health Regen,lvl 19,0d 21h 31m,2.172 885%,51.47 M,27d  5h 54m,,,,,,,,,,,,,,,,,,,,,,,,,,,,,16,5,2,0,0,0,4,0,0,2,0,,4.23E+07,x4,1.55E+06,,,x1.000,550%,x1.000,2.064E+09,,2.105E+09,2.082E+09,2.064E+09,,,,2.102E+09,2.084E+09,,2.157E+09,,,2.943711%,2.344322%,1.648493%,,,,2.264740%,0.970344%,,2.937865%,,,1,,,,,,,,,,
,,,10:56:40,,Health,lvl 17,0d 10h 56m,4.415 567%,2.11 B,5d  3h 49m,,,,,,,,,Health Regen,lvl 20,1d  0h 22m,1.882 074%,52.45 M,28d  6h 16m,,,,,,,,,,,,,,,,,,,,,,,,,,,,,17,5,2,0,0,0,4,0,0,2,0,,4.32E+07,x4,1.55E+06,,,x1.000,550%,x1.000,2.105E+09,,2.147E+09,2.124E+09,2.106E+09,,,,2.144E+09,2.126E+09,,2.200E+09,,,2.510886%,2.344322%,1.615954%,,,,2.264740%,0.970344%,,2.938252%,,,,,,,,,,,,1,
,,,24:35:27,,Death Wave Health,lvl 3,1d  0h 35m,4.407 379%,2.2 B,6d  4h 24m,,,,,,,,,Health Regen,lvl 21,1d  3h 26m,1.640 340%,53.43 M,29d  9h 42m,,,,,,,,,,,,,,,,,,,,,,,,,,,,,17,5,2,0,0,0,4,0,0,3,0,,4.32E+07,x4,1.55E+06,,,x1.000,575%,x1.000,2.200E+09,,2.244E+09,2.220E+09,2.201E+09,,,,2.241E+09,2.222E+09,,2.295E+09,,,2.511596%,2.344322%,1.546132%,,,,2.264740%,0.970344%,,2.258778%,,,1,,,,,,,,,,
,,,12:34:40,,Health,lvl 18,0d 12h 34m,3.767 395%,2.24 B,6d 16h 59m,,,,,,,,,Standard Perks Bonus,lvl 4,0d 14h 14m,1.637 071%,53.95 M,29d 23h 56m,,,,,,,,,,,,,,,,,,,,,,,,,,,,,18,5,2,0,0,0,4,0,0,3,0,,4.40E+07,x4,1.55E+06,,,x1.000,575%,x1.000,2.244E+09,,2.287E+09,2.264E+09,2.244E+09,,,,2.285E+09,2.266E+09,,2.341E+09,,,2.159628%,2.344322%,1.516197%,,,,2.264740%,0.970344%,,2.259051%,,,,1,,,,,,,,,
,,Health Regen,6:04:00,,Defense %,lvl 6,0d  6h  4m,3.516 484%,2.26 B,6d 23h  3m,,,,,,,,,Health Regen,lvl 22,1d  6h 44m,1.437 260%,54.94 M,31d  6h 40m,,,,,,,,,,,,,,,,,,,,,,,,,,,,,18,6,2,0,0,0,4,0,0,3,0,,4.40E+07,x4,1.55E+06,,,x1.000,575%,x1.000,2.264E+09,,2.307E+09,2.284E+09,2.264E+09,,,,2.306E+09,2.287E+09,,2.361E+09,,,2.159628%,1.632718%,1.516197%,,,,2.274546%,0.970344%,,2.259051%,,,,,,,,,1,,,,
,,Wall Regen,13:08:00,,Standard Perks Bonus,lvl 5,0d 13h  8m,3.411 819%,2.31 B,7d 12h 11m,,,,,,,,,Wall Regen,lvl 9,9d  4h 50m,1.358 491%,61.81 M,40d 11h 30m,,,,,,,,,,,,,,,,,,,,,,,,,,,,,18,6,2,0,0,0,5,0,0,3,0,,4.44E+07,x4,1.57E+06,,,x1.000,575%,x1.000,2.306E+09,,2.351E+09,2.327E+09,2.306E+09,,,,2.349E+09,2.329E+09,,2.406E+09,,,2.159628%,1.647494%,1.516197%,,,,1.687819%,0.970344%,,2.259051%,,,,,,,,,,,,1,
,,Standard Perks Bonus,30:36:22,,Death Wave Health,lvl 4,1d  6h 36m,3.388 577%,2.41 B,8d 18h 47m,,,,,,,,,Health Regen,lvl 23,1d 10h 14m,1.266 996%,62.93 M,41d 21h 44m,,,,,,,,,,,,,,,,,,,,,,,,,,,,,18,6,2,0,0,0,5,0,0,4,0,,4.44E+07,x4,1.57E+06,,,x1.000,600%,x1.000,2.406E+09,,2.452E+09,2.427E+09,2.406E+09,,,,2.450E+09,2.430E+09,,2.505E+09,,,2.160177%,1.647494%,1.453391%,,,,1.687819%,0.970344%,,1.780933%,,,1,,,,,,,,,,
,,Improve Trade-off Perks,14:20:40,,Health,lvl 19,0d 14h 20m,3.240 265%,2.45 B,9d  9h  8m,,,,,,,,,Standard Perks Bonus,lvl 5,0d 19h 42m,1.171 417%,63.53 M,42d 17h 26m,,,,,,,,,,,,,,,,,,,,,,,,,,,,,19,6,2,0,0,0,5,0,0,4,0,,4.53E+07,x4,1.57E+06,,,x1.000,600%,x1.000,2.452E+09,,2.499E+09,2.474E+09,2.453E+09,,,,2.498E+09,2.477E+09,,2.554E+09,,,1.871276%,1.647494%,1.425779%,,,,1.687819%,0.970344%,,1.781132%,,,1,,,,,,,,,,
,,,16:14:40,,Health,lvl 20,0d 16h 14m,2.806 914%,2.5 B,10d  1h 23m,,,,,,,,,Health Regen,lvl 24,1d 13h 58m,1.122 130%,64.66 M,44d  7h 24m,,,,,,,,,,,,,,,,,,,,,,,,,,,,,20,6,2,0,0,0,5,0,0,4,0,,4.62E+07,x4,1.57E+06,,,x1.000,600%,x1.000,2.499E+09,,2.545E+09,2.521E+09,2.499E+09,,,,2.545E+09,2.524E+09,,2.602E+09,,,1.631104%,1.647494%,1.399196%,,,,1.687819%,0.970344%,,1.781324%,,,,,,,,,,,,1,
,,,37:12:53,,Death Wave Health,lvl 5,1d 13h 12m,2.671 986%,2.6 B,11d 14h 36m,,,,,,,,,Health Regen,lvl 25,1d 17h 56m,0.998 262%,65.79 M,46d  1h 20m,,,,,,,,,,,,,,,,,,,,,,,,,,,,,20,6,2,0,0,0,5,0,0,5,0,,4.62E+07,x4,1.57E+06,,,x1.000,625%,x1.000,2.602E+09,,2.651E+09,2.626E+09,2.603E+09,,,,2.651E+09,2.629E+09,,2.706E+09,,,1.631472%,1.647494%,1.343531%,,,,1.687819%,0.970344%,,1.422936%,,,,,,,,,1,,,,
,,Health +,17:41:20,,Standard Perks Bonus,lvl 6,0d 17h 41m,2.531 728%,2.65 B,12d  8h 17m,,,,,,,,,Improve Trade-off Perks,lvl 1,1d  0h 59m,0.960 640%,66.45 M,47d  2h 19m,,,,,,,,,,,,,,,,,,,,,,,,,,,,,20,6,2,0,0,0,6,0,0,5,0,,4.66E+07,x5,1.58E+06,,,x1.000,625%,x1.000,2.651E+09,,2.700E+09,2.675E+09,2.651E+09,,,,2.700E+09,2.678E+09,,2.756E+09,,,1.631472%,1.662539%,1.343531%,,,,1.268760%,0.970344%,,1.422936%,,,,1,,,,,,,,,
,,Wall Health +,8:47:20,,Defense %,lvl 7,0d  8h 47m,2.493 809%,2.68 B,12d 17h  4m,,,,,,,,,Health Regen,lvl 26,1d 22h  7m,0.892 147%,67.59 M,49d  0h 26m,,,,,,,,,,,,,,,,,,,,,,,,,,,,,20,7,2,0,0,0,6,0,0,5,0,,4.66E+07,x5,1.58E+06,,,x1.000,625%,x1.000,2.675E+09,,2.725E+09,2.700E+09,2.675E+09,,,,2.725E+09,2.702E+09,,2.781E+09,,,1.631472%,1.177630%,1.343531%,,,,1.274540%,0.970344%,,1.422936%,,,1,,,,,,,,,,
,,Defense Absolute +,18:17:20,,Health,lvl 21,0d 18h 17m,2.447 208%,2.72 B,13d 11h 22m,,,,,,,,,Standard Perks Bonus,lvl 6,1d  2h 32m,0.861 450%,68.23 M,50d  2h 58m,,,,,,,,,,,,,,,,,,,,,,,,,,,,,21,7,2,0,0,0,6,0,0,5,0,,4.75E+07,x5,1.58E+06,,,x1.000,625%,x1.000,2.725E+09,,2.775E+09,2.750E+09,2.725E+09,,,,2.776E+09,2.752E+09,,2.833E+09,,,1.429631%,1.177630%,1.318934%,,,,1.274540%,0.970344%,,1.423078%,,,1,,,,,,,,,,
,,Recovery Package +,20:29:20,,Health,lvl 22,0d 20h 29m,2.144 447%,2.77 B,14d  7h 51m,,,,,,,,,Wall Regen,lvl 10,13d 12h 24m,0.822 030%,75.81 M,63d 15h 22m,,,,,,,,,,,,,,,,,,,,,,,,,,,,,22,7,2,0,0,0,6,0,0,5,0,,4.84E+07,x5,1.58E+06,,,x1.000,625%,x1.000,2.775E+09,,2.825E+09,2.800E+09,2.775E+09,,,,2.827E+09,2.803E+09,,2.885E+09,,,1.260392%,1.177630%,1.295222%,,,,1.274540%,0.970344%,,1.423214%,,,,,,,,,,,,1,
,,,44:44:03,,Death Wave Health,lvl 6,1d 20h 44m,2.134 821%,2.89 B,16d  4h 35m,,,,,,,,,Health Regen,lvl 27,2d  2h 33m,0.800 187%,77.09 M,65d 17h 55m,,,,,,,,,,,,,,,,,,,,,,,,,,,,,22,7,2,0,0,0,6,0,0,6,0,,4.84E+07,x5,1.58E+06,,,x1.000,650%,x1.000,2.885E+09,,2.937E+09,2.912E+09,2.886E+09,,,,2.939E+09,2.914E+09,,2.996E+09,,,1.260645%,1.177630%,1.245656%,,,,1.274540%,0.970344%,,1.143947%,,,,,,,,,1,,,,
,,,23:31:20,,Standard Perks Bonus,lvl 7,0d 23h 31m,1.911 809%,2.94 B,17d  4h  6m,,,,,,,,,Health Regen,lvl 28,2d  7h 13m,0.720 417%,78.37 M,68d  1h  8m,,,,,,,,,,,,,,,,,,,,,,,,,,,,,22,7,2,0,0,0,7,0,0,6,0,,4.88E+07,x5,1.60E+06,,,x1.000,650%,x1.000,2.939E+09,,2.992E+09,2.967E+09,2.940E+09,,,,2.994E+09,2.969E+09,,3.052E+09,,,1.260645%,1.188585%,1.245656%,,,,0.966278%,0.970344%,,1.143947%,,,1,,,,,,,,,,
,,,22:49:20,,Health,lvl 23,0d 22h 49m,1.890 967%,2.99 B,18d  2h 56m,,,,,,,,,Health Regen,lvl 29,2d 12h  8m,0.650 728%,79.64 M,70d 13h 16m,,,,,,,,,,,,,,,,,,,,,,,,,,,,,23,7,2,0,0,0,7,0,0,6,0,,4.97E+07,x5,1.60E+06,,,x1.000,650%,x1.000,2.992E+09,,3.045E+09,3.020E+09,2.993E+09,,,,3.048E+09,3.022E+09,,3.107E+09,,,1.116605%,1.188585%,1.223653%,,,,0.966278%,0.970344%,,1.144049%,,,,,1,,,,,,,,
,,,0:10:56,,Defense Absolute,lvl 3,0d  0h 10m,1.835 479%,2.99 B,18d  3h  7m,,,,,,,,,Standard Perks Bonus,lvl 7,1d 11h 17m,0.641 706%,80.4 M,72d  0h 33m,,,,,,,,,,,,,,,,,,,,,,,,,,,,,23,7,3,0,0,0,7,0,0,6,0,,4.97E+07,x5,1.64E+06,,,x1.000,650%,x1.000,2.993E+09,,3.045E+09,3.020E+09,2.993E+09,,,,3.049E+09,3.023E+09,,3.107E+09,,,1.116449%,1.188585%,0.636314%,,,,0.966278%,0.970344%,,1.143890%,,,,1,,,,,,,,,
,,,12:31:20,,Defense %,lvl 8,0d 12h 31m,1.782 877%,3.02 B,18d 15h 38m,,,,,,,,,Improve Trade-off Perks,lvl 2,1d 14h 54m,0.610 858%,81.19 M,73d 15h 27m,,,,,,,,,,,,,,,,,,,,,,,,,,,,,23,8,3,0,0,0,7,0,0,6,0,,4.97E+07,x5,1.64E+06,,,x1.000,650%,x1.000,3.020E+09,,3.074E+09,3.049E+09,3.021E+09,,,,3.077E+09,3.051E+09,,3.136E+09,,,1.116449%,0.859030%,0.636314%,,,,0.970825%,0.970344%,,1.143890%,,,,,,,,,,,,1,
,,,53:31:31,,Death Wave Health,lvl 7,2d  5h 31m,1.715 835%,3.14 B,20d 21h  9m,,,,,,,,,Health Regen,lvl 30,2d 17h 18m,0.589 627%,82.49 M,76d  8h 45m,,,,,,,,,,,,,,,,,,,,,,,,,,,,,23,8,3,0,0,0,7,0,0,7,0,,4.97E+07,x5,1.64E+06,,,x1.000,675%,x1.000,3.136E+09,,3.191E+09,3.165E+09,3.136E+09,,,,3.195E+09,3.168E+09,,3.252E+09,,,1.116659%,0.859030%,0.612862%,,,,0.970825%,0.970344%,,0.921614%,,,1,,,,,,,,,,
,,,25:18:40,,Health,lvl 24,1d  1h 18m,1.674 988%,3.19 B,21d 22h 28m,,,,,,,,,Health Regen,lvl 31,2d 22h 43m,0.535 867%,83.8 M,79d  7h 28m,,,,,,,,,,,,,,,,,,,,,,,,,,,,,24,8,3,0,0,0,7,0,0,7,0,,5.06E+07,x5,1.64E+06,,,x1.000,675%,x1.000,3.191E+09,,3.247E+09,3.221E+09,3.192E+09,,,,3.251E+09,3.224E+09,,3.309E+09,,,0.993479%,0.859030%,0.602224%,,,,0.970825%,0.970344%,,0.921692%,,,1,,,,,,,,,,
,,,27:57:20,,Health,lvl 25,1d  3h 57m,1.490 219%,3.25 B,23d  2h 25m,,,,,,,,,Wall Regen,lvl 11,19d 15h 18m,0.509 229%,92.18 M,98d 22h 46m,,,,,,,,,,,,,,,,,,,,,,,,,,,,,25,8,3,0,0,0,7,0,0,7,0,,5.15E+07,x5,1.64E+06,,,x1.000,675%,x1.000,3.247E+09,,3.302E+09,3.277E+09,3.247E+09,,,,3.308E+09,3.280E+09,,3.366E+09,,,0.887945%,0.859030%,0.591948%,,,,0.970825%,0.970344%,,0.921768%,,,,,,,,,1,,,,
,,,31:01:20,,Standard Perks Bonus,lvl 8,1d  7h  1m,1.456 238%,3.31 B,24d  9h 27m,,,,,,,,,Health Regen,lvl 32,3d  4h 23m,0.488 401%,93.61 M,102d  3h  9m,,,,,,,,,,,,,,,,,,,,,,,,,,,,,25,8,3,0,0,0,8,0,0,7,0,,5.19E+07,x5,1.66E+06,,,x1.000,675%,x1.000,3.308E+09,,3.364E+09,3.339E+09,3.308E+09,,,,3.370E+09,3.341E+09,,3.430E+09,,,0.887945%,0.867172%,0.591948%,,,,0.741494%,0.970344%,,0.921768%,,,,,,,,,,1,,,
,,,16:39:20,,Improve Trade-Off Perks,lvl 1,0d 16h 39m,1.455 516%,3.34 B,25d  2h  6m,,,,,,,,,Standard Perks Bonus,lvl 8,1d 22h 32m,0.482 018%,94.48 M,104d  1h 41m,,,,,,,,,,,,,,,,,,,,,,,,,,,,,25,8,3,0,0,0,8,1,0,7,0,,5.19E+07,x5,1.66E+06,,,x1.000,675%,x1.000,3.341E+09,,3.398E+09,3.373E+09,3.342E+09,,,,3.404E+09,3.375E+09,,3.464E+09,,,0.887945%,0.867172%,0.591948%,,,,0.741494%,0.629558%,,0.921768%,,,,,,,,,,,,1,
,,,63:59:09,,Death Wave Health,lvl 8,2d 15h 59m,1.382 652%,3.46 B,27d 18h  5m,,,,,,,,,Health Regen,lvl 33,3d 10h 18m,0.446 351%,95.93 M,107d 11h 59m,,,,,,,,,,,,,,,,,,,,,,,,,,,,,25,8,3,0,0,0,8,1,0,8,0,,5.19E+07,x5,1.66E+06,,,x1.000,700%,x1.000,3.464E+09,,3.524E+09,3.497E+09,3.465E+09,,,,3.530E+09,3.500E+09,,3.588E+09,,,0.888095%,0.867172%,0.570903%,,,,0.741494%,0.629558%,,0.743087%,,,1,,,,,,,,,,
,,,30:44:40,,Health,lvl 26,1d  6h 44m,1.332 142%,3.52 B,29d  0h 50m,,,,,,,,,Improve Trade-off Perks,lvl 3,2d  5h  0m,0.443 951%,96.87 M,109d 16h 59m,,,,,,,,,,,,,,,,,,,,,,,,,,,,,26,8,3,0,0,0,8,1,0,8,0,,5.28E+07,x5,1.66E+06,,,x1.000,700%,x1.000,3.524E+09,,3.583E+09,3.557E+09,3.524E+09,,,,3.590E+09,3.560E+09,,3.649E+09,,,0.796613%,0.867172%,0.561324%,,,,0.741494%,0.629558%,,0.743144%,,,,1,,,,,,,,,
,,,17:29:20,,Defense %,lvl 9,0d 17h 29m,1.300 758%,3.56 B,29d 18h 19m,,,,,,,,,Health Regen,lvl 34,3d 16h 30m,0.408 824%,98.33 M,113d  9h 29m,,,,,,,,,,,,,,,,,,,,,,,,,,,,,26,9,3,0,0,0,8,1,0,8,0,,5.28E+07,x5,1.66E+06,,,x1.000,700%,x1.000,3.557E+09,,3.617E+09,3.591E+09,3.557E+09,,,,3.624E+09,3.593E+09,,3.683E+09,,,0.796613%,0.639736%,0.561324%,,,,0.745099%,0.629558%,,0.743144%,,,1,,,,,,,,,,
,,,33:42:00,,Health,lvl 27,1d  9h 42m,1.194 920%,3.62 B,31d  4h  1m,,,,,,,,,Wall Regen,lvl 12,22d 13h 59m,0.402 552%,107.27 M,135d 23h 29m,,,,,,,,,,,,,,,,,,,,,,,,,,,,,27,9,3,0,0,0,8,1,0,8,0,,5.37E+07,x5,1.66E+06,,,x1.000,700%,x1.000,3.617E+09,,3.676E+09,3.651E+09,3.617E+09,,,,3.685E+09,3.654E+09,,3.745E+09,,,0.717252%,0.639736%,0.552062%,,,,0.745099%,0.629558%,,0.743199%,,,,,,,,,1,,,,
,,,40:37:20,,Standard Perks Bonus,lvl 9,1d 16h 37m,1.117 649%,3.69 B,32d 20h 39m,,,,,,,,,Health Regen,lvl 35,3d 22h 57m,0.375 393%,108.86 M,139d 22h 26m,,,,,,,,,,,,,,,,,,,,,,,,,,,,,27,9,3,0,0,0,9,1,0,8,0,,5.42E+07,x5,1.67E+06,,,x1.000,700%,x1.000,3.685E+09,,3.746E+09,3.721E+09,3.686E+09,,,,3.755E+09,3.723E+09,,3.816E+09,,,0.717252%,0.645917%,0.552062%,,,,0.573599%,0.629558%,,0.743199%,,,,,,,,,,,,1,
,,,76:33:00,,Death Wave Health,lvl 9,3d  4h 33m,1.114 798%,3.82 B,36d  1h 12m,,,,,,,,,Standard Perks Bonus,lvl 9,2d 12h 56m,0.364 697%,109.87 M,142d 11h 22m,,,,,,,,,,,,,,,,,,,,,,,,,,,,,27,9,3,0,0,0,9,1,0,9,0,,5.42E+07,x5,1.67E+06,,,x1.000,725%,x1.000,3.816E+09,,3.879E+09,3.853E+09,3.817E+09,,,,3.888E+09,3.855E+09,,3.947E+09,,,0.717361%,0.645917%,0.533106%,,,,0.573599%,0.629558%,,0.599220%,,,1,,,,,,,,,,
,,,36:48:40,,Health,lvl 28,1d 12h 48m,1.076 041%,3.88 B,37d 14h  0m,,,,,,,,,Health Regen,lvl 36,4d  5h 40m,0.345 462%,111.48 M,146d 17h  2m,,,,,,,,,,,,,,,,,,,,,,,,,,,,,28,9,3,0,0,0,9,1,0,9,0,,5.51E+07,x5,1.67E+06,,,x1.000,725%,x1.000,3.879E+09,,3.942E+09,3.917E+09,3.880E+09,,,,3.952E+09,3.919E+09,,4.012E+09,,,0.648013%,0.645917%,0.524450%,,,,0.573599%,0.629558%,,0.599262%,,,1,,,,,,,,,,
,,,40:05:20,,Health,lvl 29,1d 16h  5m,0.972 019%,3.94 B,39d  6h  6m,,,,,,,,,Improve Trade-off Perks,lvl 4,2d 19h 40m,0.344 349%,112.56 M,149d 12h 42m,,,,,,,,,,,,,,,,,,,,,,,,,,,,,29,9,3,0,0,0,9,1,0,9,0,,5.60E+07,x5,1.67E+06,,,x1.000,725%,x1.000,3.942E+09,,4.005E+09,3.980E+09,3.943E+09,,,,4.017E+09,3.982E+09,,4.077E+09,,,0.587206%,0.645917%,0.516071%,,,,0.573599%,0.629558%,,0.599302%,,,,1,,,,,,,,,
,,,23:56:00,,Defense %,lvl 10,0d 23h 56m,0.968 875%,3.98 B,40d  6h  2m,,,,,,,,,Wall Regen,lvl 13,25d 23h 17m,0.320 875%,121.94 M,175d 11h 59m,,,,,,,,,,,,,,,,,,,,,,,,,,,,,29,10,3,0,0,0,9,1,0,9,0,,5.60E+07,x5,1.67E+06,,,x1.000,725%,x1.000,3.980E+09,,4.044E+09,4.019E+09,3.981E+09,,,,4.056E+09,4.021E+09,,4.117E+09,,,0.587206%,0.486622%,0.516071%,,,,0.576482%,0.629558%,,0.599302%,,,,,,,,,,1,,,
,,,25:56:00,,Improve Trade-Off Perks,lvl 2,1d  1h 56m,0.944 337%,4.02 B,41d  7h 58m,,,,,,,,,Health Regen,lvl 37,4d 12h 40m,0.318 546%,123.7 M,180d  0h 39m,,,,,,,,,,,,,,,,,,,,,,,,,,,,,29,10,3,0,0,0,9,2,0,9,0,,5.60E+07,x5,1.67E+06,,,x1.000,725%,x1.000,4.021E+09,,4.085E+09,4.060E+09,4.021E+09,,,,4.097E+09,4.062E+09,,4.159E+09,,,0.587206%,0.486622%,0.516071%,,,,0.576482%,0.466835%,,0.599302%,,,,,,,,,,,,1,
,,,91:40:59,,Death Wave Health,lvl 10,3d 19h 40m,0.898 953%,4.16 B,45d  3h 39m,,,,,,,,,Health Regen,lvl 38,4d 19h 55m,0.294 377%,125.46 M,184d 20h 34m,,,,,,,,,,,,,,,,,,,,,,,,,,,,,29,10,3,0,0,0,9,2,0,10,0,,5.60E+07,x5,1.67E+06,,,x1.000,750%,x1.000,4.159E+09,,4.225E+09,4.199E+09,4.159E+09,,,,4.238E+09,4.202E+09,,4.297E+09,,,0.587287%,0.486622%,0.498937%,,,,0.576482%,0.466835%,,0.461084%,,,1,,,,,,,,,,
,,,43:32:00,,Health,lvl 30,1d 19h 32m,0.880 930%,4.23 B,46d 23h 11m,,,,,,,,,Standard Perks Bonus,lvl 10,3d  7h 11m,0.278 068%,126.61 M,188d  3h 45m,,,,,,,,,,,,,,,,,,,,,,,,,,,,,30,10,3,0,0,0,9,2,0,10,0,,5.69E+07,x5,1.67E+06,,,x1.000,750%,x1.000,4.225E+09,,4.292E+09,4.267E+09,4.226E+09,,,,4.306E+09,4.269E+09,,4.366E+09,,,0.533773%,0.486622%,0.491090%,,,,0.576482%,0.466835%,,0.461113%,,,,,,,,,1,,,,
,,,52:47:20,,Standard Perks Bonus,lvl 10,2d  4h 47m,0.864 724%,4.31 B,49d  3h 58m,,,,,,,,,Improve Trade-off Perks,lvl 5,3d 11h 24m,0.276 702%,127.83 M,191d 15h  9m,,,,,,,,,,,,,,,,,,,,,,,,,,,,,30,10,3,0,0,0,10,2,0,10,0,,5.74E+07,x5,1.69E+06,,,x1.000,750%,x1.000,4.306E+09,,4.373E+09,4.348E+09,4.306E+09,,,,4.388E+09,4.350E+09,,4.449E+09,,,0.533773%,0.491416%,0.491090%,,,,0.447682%,0.466835%,,0.461113%,,,1,,,,,,,,,,
,,,47:08:40,,Health,lvl 31,1d 23h  8m,0.800 660%,4.37 B,51d  3h  7m,,,,,,,,,Health Regen,lvl 39,5d  3h 28m,0.272 502%,129.62 M,196d 18h 37m,,,,,,,,,,,,,,,,,,,,,,,,,,,,,31,10,3,0,0,0,10,2,0,10,0,,5.83E+07,x5,1.69E+06,,,x1.000,750%,x1.000,4.373E+09,,4.441E+09,4.416E+09,4.374E+09,,,,4.457E+09,4.418E+09,,4.519E+09,,,0.486522%,0.491416%,0.483486%,,,,0.447682%,0.466835%,,0.461141%,,,,1,,,,,,,,,
,,,32:04:40,,Defense %,lvl 11,1d  8h  4m,0.737 125%,4.42 B,52d 11h 11m,,,,,,,,,Wall Regen,lvl 14,29d 20h 47m,0.257 559%,139.59 M,226d 15h 25m,,,,,,,,,,,,,,,,,,,,,,,,,,,,,31,11,3,0,0,0,10,2,0,10,0,,5.83E+07,x5,1.69E+06,,,x1.000,750%,x1.000,4.416E+09,,4.485E+09,4.460E+09,4.417E+09,,,,4.501E+09,4.462E+09,,4.563E+09,,,0.486522%,0.377261%,0.483486%,,,,0.450009%,0.466835%,,0.461141%,,,1,,,,,,,,,,
,,,50:55:20,,Health,lvl 32,2d  2h 55m,0.729 783%,4.48 B,54d 14h  7m,,,,,,,,,Health Regen,lvl 40,5d 11h 17m,0.252 734%,141.52 M,232d  2h 42m,,,,,,,,,,,,,,,,,,,,,,,,,,,,,32,11,3,0,0,0,10,2,0,10,0,,5.93E+07,x5,1.69E+06,,,x1.000,750%,x1.000,4.485E+09,,4.553E+09,4.529E+09,4.485E+09,,,,4.571E+09,4.531E+09,,4.634E+09,,,0.444660%,0.377261%,0.476113%,,,,0.450009%,0.466835%,,0.461168%,,,,,1,,,,,,,,
,,,0:21:01,,Defense Absolute,lvl 4,0d  0h 21m,0.714 170%,4.49 B,54d 14h 28m,,,,,,,,,Health Regen,lvl 41,5d 19h 24m,0.234 772%,143.45 M,237d 22h  6m,,,,,,,,,,,,,,,,,,,,,,,,,,,,,32,11,4,0,0,0,10,2,0,10,0,,5.93E+07,x5,1.74E+06,,,x1.000,750%,x1.000,4.485E+09,,4.554E+09,4.530E+09,4.486E+09,,,,4.571E+09,4.532E+09,,4.634E+09,,,0.444614%,0.377261%,0.284585%,,,,0.450009%,0.466835%,,0.461120%,,,,,,,,,,1,,,
,,,35:20:00,,Improve Trade-Off Perks,lvl 3,1d 11h 20m,0.700 253%,4.53 B,56d  1h 48m,,,,,,,,,Improve Trade-off Perks,lvl 6,4d  4h 49m,0.226 720%,144.82 M,242d  2h 55m,,,,,,,,,,,,,,,,,,,,,,,,,,,,,32,11,4,0,0,0,10,3,0,10,0,,5.93E+07,x5,1.74E+06,,,x1.000,750%,x1.000,4.532E+09,,4.601E+09,4.577E+09,4.532E+09,,,,4.618E+09,4.579E+09,,4.682E+09,,,0.444614%,0.377261%,0.284585%,,,,0.450009%,0.369458%,,0.461120%,,,,,,,,,,,,1,
,,,115:12:37,,Death Wave Health,lvl 11,4d 19h 12m,0.691 681%,4.68 B,60d 21h  0m,,,,,,,,,Health Regen,lvl 42,6d  3h 47m,0.218 475%,146.77 M,248d  6h 42m,,,,,,,,,,,,,,,,,,,,,,,,,,,,,32,11,4,0,0,0,10,3,0,11,0,,5.93E+07,x5,1.74E+06,,,x1.000,775%,x1.000,4.682E+09,,4.753E+09,4.729E+09,4.682E+09,,,,4.772E+09,4.731E+09,,4.832E+09,,,0.444670%,0.377261%,0.275440%,,,,0.450009%,0.369458%,,0.421917%,,,,,,,,,1,,,,
,,,68:01:20,,Standard Perks Bonus,lvl 11,2d 20h  1m,0.675 013%,4.77 B,63d 17h  2m,,,,,,,,,Standard Perks Bonus,lvl 11,4d  6h  2m,0.213 834%,148.1 M,252d 12h 44m,,,,,,,,,,,,,,,,,,,,,,,,,,,,,32,11,4,0,0,0,11,3,0,11,0,,5.98E+07,x5,1.75E+06,,,x1.000,775%,x1.000,4.772E+09,,4.844E+09,4.820E+09,4.772E+09,,,,4.863E+09,4.821E+09,,4.925E+09,,,0.444670%,0.381052%,0.275440%,,,,0.352811%,0.369458%,,0.421917%,,,1,,,,,,,,,,
,,,54:52:00,,Health,lvl 33,2d  6h 52m,0.667 005%,4.84 B,65d 23h 54m,,,,,,,,,Wall Regen,lvl 15,34d  8h 18m,0.207 967%,158.68 M,286d 21h  2m,,,,,,,,,,,,,,,,,,,,,,,,,,,,,33,11,4,0,0,0,11,3,0,11,0,,6.07E+07,x5,1.75E+06,,,x1.000,775%,x1.000,4.844E+09,,4.917E+09,4.893E+09,4.845E+09,,,,4.937E+09,4.895E+09,,5.000E+09,,,0.407307%,0.381052%,0.271303%,,,,0.352811%,0.369458%,,0.421941%,,,,,,,,,,,,1,
,,,121:52:07,,Death Wave Health,lvl 12,5d  1h 52m,0.632 912%,5 B,71d  1h 46m,,,,,,,,,Health Regen,lvl 43,6d 12h 28m,0.203 611%,160.78 M,293d  9h 30m,,,,,,,,,,,,,,,,,,,,,,,,,,,,,33,11,4,0,0,0,11,3,0,12,0,,6.07E+07,x5,1.75E+06,,,x1.000,800%,x1.000,5.000E+09,,5.075E+09,5.050E+09,5.001E+09,,,,5.096E+09,5.052E+09,,5.156E+09,,,0.407354%,0.381052%,0.262855%,,,,0.352811%,0.369458%,,0.387138%,,,1,,,,,,,,,,
,,,59:00:00,,Health,lvl 34,2d 11h  0m,0.611 031%,5.08 B,73d 12h 46m,,,,,,,,,Health Regen,lvl 44,6d 21h 26m,0.190 053%,162.89 M,300d  6h 56m,,,,,,,,,,,,,,,,,,,,,,,,,,,,,34,11,4,0,0,0,11,3,0,12,0,,6.16E+07,x5,1.75E+06,,,x1.000,800%,x1.000,5.075E+09,,5.150E+09,5.126E+09,5.076E+09,,,,5.172E+09,5.128E+09,,5.233E+09,,,0.374064%,0.381052%,0.258965%,,,,0.352811%,0.369458%,,0.387159%,,,,,,,,,,,,1,
,,,128:41:19,,Death Wave Health,lvl 13,5d  8h 41m,0.580 739%,5.23 B,78d 21h 27m,,,,,,,,,Improve Trade-off Perks,lvl 7,5d  0h 38m,0.187 689%,164.43 M,305d  7h 34m,,,,,,,,,,,,,,,,,,,,,,,,,,,,,34,11,4,0,0,0,11,3,0,13,0,,6.16E+07,x5,1.75E+06,,,x1.000,825%,x1.000,5.233E+09,,5.311E+09,5.286E+09,5.234E+09,,,,5.333E+09,5.288E+09,,5.391E+09,,,0.374104%,0.381052%,0.251145%,,,,0.352811%,0.369458%,,0.356129%,,,,1,,,,,,,,,
,,,42:12:00,,Defense %,lvl 12,1d 18h 12m,0.571 578%,5.29 B,80d 15h 39m,,,,,,,,,Health Regen,lvl 45,7d  6h 42m,0.177 644%,166.55 M,312d 14h 16m,,,,,,,,,,,,,,,,,,,,,,,,,,,,,34,12,4,0,0,0,11,3,0,13,0,,6.16E+07,x5,1.75E+06,,,x1.000,825%,x1.000,5.286E+09,,5.364E+09,5.339E+09,5.286E+09,,,,5.388E+09,5.341E+09,,5.445E+09,,,0.374104%,0.297867%,0.251145%,,,,0.354708%,0.369458%,,0.356129%,,,1,,,,,,,,,,
,,,63:18:00,,Health,lvl 35,2d 15h 18m,0.561 155%,5.36 B,83d  6h 57m,,,,,,,,,Wall Regen,lvl 16,39d 11h 57m,0.168 784%,177.66 M,352d  2h 14m,,,,,,,,,,,,,,,,,,,,,,,,,,,,,35,12,4,0,0,0,11,3,0,13,0,,6.25E+07,x5,1.75E+06,,,x1.000,825%,x1.000,5.364E+09,,5.442E+09,5.418E+09,5.364E+09,,,,5.467E+09,5.420E+09,,5.526E+09,,,0.344293%,0.297867%,0.247482%,,,,0.354708%,0.369458%,,0.356147%,,,,,,,,,,1,,,
,,,45:06:40,,Improve Trade-Off Perks,lvl 4,1d 21h  6m,0.554 187%,5.42 B,85d  4h  4m,,,,,,,,,Health Regen,lvl 46,7d 16h 15m,0.166 287%,179.93 M,359d 18h 29m,,,,,,,,,,,,,,,,,,,,,,,,,,,,,35,12,4,0,0,0,11,4,0,13,0,,6.25E+07,x5,1.75E+06,,,x1.000,825%,x1.000,5.420E+09,,5.499E+09,5.475E+09,5.420E+09,,,,5.524E+09,5.477E+09,,5.584E+09,,,0.344293%,0.297867%,0.247482%,,,,0.354708%,0.302916%,,0.356147%,,,,,,,,,,,,1,
,,,135:40:35,,Death Wave Health,lvl 14,5d 15h 40m,0.534 220%,5.58 B,90d 19h 44m,,,,,,,,,Standard Perks Bonus,lvl 12,5d 10h 16m,0.165 980%,181.55 M,1y 0d  4h 45m,,,,,,,,,,,,,,,,,,,,,,,,,,,,,35,12,4,0,0,0,11,4,0,14,0,,6.25E+07,x5,1.75E+06,,,x1.000,850%,x1.000,5.584E+09,,5.665E+09,5.640E+09,5.584E+09,,,,5.691E+09,5.642E+09,,5.747E+09,,,0.344327%,0.297867%,0.240227%,,,,0.354708%,0.302916%,,0.328369%,,,,,,,,,1,,,,
,,,86:50:40,,Standard Perks Bonus,lvl 12,3d 14h 50m,0.532 062%,5.69 B,94d 10h 35m,,,,,,,,,Improve Trade-off Perks,lvl 8,5d 23h 39m,0.156 143%,183.24 M,1y 6d  4h 24m,,,,,,,,,,,,,,,,,,,,,,,,,,,,,35,12,4,0,0,0,12,4,0,14,0,,6.31E+07,x5,1.77E+06,,,x1.000,850%,x1.000,5.691E+09,,5.774E+09,5.749E+09,5.692E+09,,,,5.801E+09,5.751E+09,,5.858E+09,,,0.344327%,0.300922%,0.240227%,,,,0.280869%,0.302916%,,0.328369%,,,1,,,,,,,,,,
,,,67:46:40,,Health,lvl 36,2d 19h 46m,0.516 490%,5.77 B,97d  6h 22m,,,,,,,,,Health Regen,lvl 47,8d  2h  7m,0.155 845%,185.55 M,1y 14d  6h 31m,,,,,,,,,,,,,,,,,,,,,,,,,,,,,36,12,4,0,0,0,12,4,0,14,0,,6.40E+07,x5,1.77E+06,,,x1.000,850%,x1.000,5.774E+09,,5.857E+09,5.833E+09,5.775E+09,,,,5.885E+09,5.835E+09,,5.943E+09,,,0.317515%,0.300922%,0.236773%,,,,0.280869%,0.302916%,,0.328385%,,,,,,,,,,,,1,
,,,142:50:23,,Death Wave Health,lvl 15,5d 22h 50m,0.492 577%,5.94 B,103d  5h 12m,,,,,,,,,Health Regen,lvl 48,8d 12h 17m,0.146 246%,187.86 M,1y 22d 18h 48m,,,,,,,,,,,,,,,,,,,,,,,,,,,,,36,12,4,0,0,0,12,4,0,15,0,,6.40E+07,x5,1.77E+06,,,x1.000,875%,x1.000,5.943E+09,,6.029E+09,6.004E+09,5.944E+09,,,,6.058E+09,6.006E+09,,6.113E+09,,,0.317544%,0.300922%,0.230030%,,,,0.280869%,0.302916%,,0.303429%,,,1,,,,,,,,,,
,,,72:26:40,,Health,lvl 37,3d  0h 26m,0.476 317%,6.03 B,106d  5h 39m,,,,,,,,,Wall Regen,lvl 17,45d 10h  8m,0.137 596%,199.6 M,1y 68d  4h 56m,,,,,,,,,,,,,,,,,,,,,,,,,,,,,37,12,4,0,0,0,12,4,0,15,0,,6.50E+07,x5,1.77E+06,,,x1.000,875%,x1.000,6.029E+09,,6.114E+09,6.091E+09,6.029E+09,,,,6.145E+09,6.092E+09,,6.201E+09,,,0.293464%,0.300922%,0.226769%,,,,0.280869%,0.302916%,,0.303443%,,,,,,,,,,,,1,
,,,150:11:06,,Death Wave Health,lvl 16,6d  6h 11m,0.455 164%,6.2 B,112d 11h 50m,,,,,,,,,Health Regen,lvl 49,8d 22h 45m,0.137 407%,202.06 M,1y 77d  3h 41m,,,,,,,,,,,,,,,,,,,,,,,,,,,,,37,12,4,0,0,0,12,4,0,16,0,,6.50E+07,x5,1.77E+06,,,x1.000,900%,x1.000,6.201E+09,,6.288E+09,6.264E+09,6.201E+09,,,,6.320E+09,6.266E+09,,6.372E+09,,,0.293490%,0.300922%,0.220489%,,,,0.280869%,0.302916%,,0.280947%,,,,,,,,,,1,,,
,,,55:36:00,,Improve Trade-Off Perks,lvl 5,2d  7h 36m,0.454 373%,6.27 B,114d 19h 26m,,,,,,,,,Improve Trade-off Perks,lvl 9,7d  2h 46m,0.130 132%,203.93 M,1y 84d  6h 27m,,,,,,,,,,,,,,,,,,,,,,,,,,,,,37,12,4,0,0,0,12,5,0,16,0,,6.50E+07,x5,1.77E+06,,,x1.000,900%,x1.000,6.266E+09,,6.355E+09,6.330E+09,6.266E+09,,,,6.387E+09,6.332E+09,,6.439E+09,,,0.293490%,0.300922%,0.220489%,,,,0.280869%,0.253251%,,0.280947%,,,,1,,,,,,,,,
,,,54:32:00,,Defense %,lvl 13,2d  6h 32m,0.451 382%,6.33 B,117d  1h 58m,,,,,,,,,Standard Perks Bonus,lvl 13,6d 20h 43m,0.130 094%,205.75 M,1y 91d  3h 10m,,,,,,,,,,,,,,,,,,,,,,,,,,,,,37,13,4,0,0,0,12,5,0,16,0,,6.50E+07,x5,1.77E+06,,,x1.000,900%,x1.000,6.330E+09,,6.420E+09,6.396E+09,6.331E+09,,,,6.453E+09,6.397E+09,,6.505E+09,,,0.293490%,0.239062%,0.220489%,,,,0.282431%,0.253251%,,0.280947%,,,1,,,,,,,,,,
,,,77:16:40,,Health,lvl 38,3d  5h 16m,0.440 234%,6.42 B,120d  7h 14m,,,,,,,,,Health Regen,lvl 50,9d  9h 31m,0.129 258%,208.25 M,1y 100d 12h 41m,,,,,,,,,,,,,,,,,,,,,,,,,,,,,38,13,4,0,0,0,12,5,0,16,0,,6.59E+07,x5,1.77E+06,,,x1.000,900%,x1.000,6.420E+09,,6.510E+09,6.486E+09,6.420E+09,,,,6.544E+09,6.488E+09,,6.598E+09,,,0.271691%,0.239062%,0.217407%,,,,0.282431%,0.253251%,,0.280958%,,,,,,,,,1,,,,
,,,109:48:40,,Standard Perks Bonus,lvl 13,4d 13h 48m,0.423 647%,6.54 B,124d 21h  3m,,,,,,,,,Health Regen,lvl 51,9d 20h 37m,0.121 716%,210.75 M,1y 110d  9h 18m,,,,,,,,,,,,,,,,,,,,,,,,,,,,,38,13,4,0,0,0,13,5,0,16,0,,6.65E+07,x5,1.78E+06,,,x1.000,900%,x1.000,6.544E+09,,6.636E+09,6.613E+09,6.545E+09,,,,6.671E+09,6.614E+09,,6.725E+09,,,0.271691%,0.241566%,0.217407%,,,,0.225920%,0.253251%,,0.280958%,,,,,,,,,,,,1,
,,,157:43:06,,Death Wave Health,lvl 17,6d 13h 43m,0.421 438%,6.73 B,131d 10h 46m,,,,,,,,,Health Regen,lvl 52,10d  8h  0m,0.114 752%,213.25 M,1y 120d 17h 18m,,,,,,,,,,,,,,,,,,,,,,,,,,,,,38,13,4,0,0,0,13,5,0,17,0,,6.65E+07,x5,1.78E+06,,,x1.000,925%,x1.000,6.725E+09,,6.819E+09,6.796E+09,6.726E+09,,,,6.856E+09,6.797E+09,,6.907E+09,,,0.271713%,0.241566%,0.211548%,,,,0.225920%,0.253251%,,0.260617%,,,1,,,,,,,,,,
,,,82:18:40,,Health,lvl 39,3d 10h 18m,0.407 570%,6.82 B,134d 21h  5m,,,,,,,,,Wall Regen,lvl 18,52d  5h 40m,0.112 611%,225.79 M,1y 172d 22h 59m,,,,,,,,,,,,,,,,,,,,,,,,,,,,,39,13,4,0,0,0,13,5,0,17,0,,6.74E+07,x5,1.78E+06,,,x1.000,925%,x1.000,6.819E+09,,6.913E+09,6.891E+09,6.820E+09,,,,6.952E+09,6.892E+09,,7.003E+09,,,0.252013%,0.241566%,0.208632%,,,,0.225920%,0.253251%,,0.260628%,,,,,,,,,,,,1,
,,,165:26:47,,Death Wave Health,lvl 18,6d 21h 26m,0.390 941%,7 B,141d 18h 32m,,,,,,,,,Improve Trade-off Perks,lvl 10,8d 10h 58m,0.108 483%,227.86 M,1y 181d  9h 57m,,,,,,,,,,,,,,,,,,,,,,,,,,,,,39,13,4,0,0,0,13,5,0,18,0,,6.74E+07,x5,1.78E+06,,,x1.000,950%,x1.000,7.003E+09,,7.100E+09,7.077E+09,7.004E+09,,,,7.139E+09,7.078E+09,,7.187E+09,,,0.252032%,0.241566%,0.203157%,,,,0.225920%,0.253251%,,0.242183%,,,,,,,,,,1,,,
,,,67:12:40,,Improve Trade-Off Perks,lvl 6,2d 19h 12m,0.379 876%,7.08 B,144d 13h 44m,,,,,,,,,Health Regen,lvl 53,10d 19h 43m,0.108 291%,230.53 M,1y 192d  5h 40m,,,,,,,,,,,,,,,,,,,,,,,,,,,,,39,13,4,0,0,0,13,6,0,18,0,,6.74E+07,x5,1.78E+06,,,x1.000,950%,x1.000,7.078E+09,,7.175E+09,7.152E+09,7.078E+09,,,,7.215E+09,7.154E+09,,7.264E+09,,,0.252032%,0.241566%,0.203157%,,,,0.225920%,0.213925%,,0.242183%,,,1,,,,,,,,,,
,,,87:31:20,,Health,lvl 40,3d 15h 31m,0.378 047%,7.18 B,148d  5h 16m,,,,,,,,,Standard Perks Bonus,lvl 14,8d 14h 14m,0.102 985%,232.57 M,1y 200d 19h 54m,,,,,,,,,,,,,,,,,,,,,,,,,,,,,40,13,4,0,0,0,13,6,0,18,0,,6.83E+07,x5,1.78E+06,,,x1.000,950%,x1.000,7.175E+09,,7.273E+09,7.250E+09,7.176E+09,,,,7.315E+09,7.252E+09,,7.364E+09,,,0.234129%,0.241566%,0.200394%,,,,0.225920%,0.213925%,,0.242192%,,,,,,,,,,,,1,
,,,173:22:28,,Death Wave Health,lvl 19,7d  5h 22m,0.363 288%,7.36 B,155d 10h 38m,,,,,,,,,Health Regen,lvl 54,11d  7h 45m,0.102 297%,235.27 M,1y 212d  3h 39m,,,,,,,,,,,,,,,,,,,,,,,,,,,,,40,13,4,0,0,0,13,6,0,19,0,,6.83E+07,x5,1.78E+06,,,x1.000,975%,x1.000,7.364E+09,,7.464E+09,7.441E+09,7.364E+09,,,,7.507E+09,7.443E+09,,7.552E+09,,,0.234145%,0.241566%,0.195270%,,,,0.225920%,0.213925%,,0.225422%,,,,1,,,,,,,,,
,,,69:21:20,,Defense %,lvl 14,2d 21h 21m,0.362 349%,7.44 B,158d  7h 59m,,,,,,,,,Health Regen,lvl 55,11d 20h  6m,0.096 730%,237.96 M,1y 223d 23h 45m,,,,,,,,,,,,,,,,,,,,,,,,,,,,,40,14,4,0,0,0,13,6,0,19,0,,6.83E+07,x5,1.78E+06,,,x1.000,975%,x1.000,7.441E+09,,7.542E+09,7.519E+09,7.441E+09,,,,7.586E+09,7.521E+09,,7.631E+09,,,0.234145%,0.194736%,0.195270%,,,,0.227221%,0.213925%,,0.225422%,,,1,,,,,,,,,,
,,,92:56:00,,Health,lvl 41,3d 20h 56m,0.351 218%,7.54 B,162d  4h 55m,,,,,,,,,Wall Regen,lvl 19,60d  1h 43m,0.092 482%,251.18 M,1y 284d  1h 28m,,,,,,,,,,,,,,,,,,,,,,,,,,,,,41,14,4,0,0,0,13,6,0,19,0,,6.93E+07,x5,1.78E+06,,,x1.000,975%,x1.000,7.542E+09,,7.643E+09,7.622E+09,7.542E+09,,,,7.689E+09,7.623E+09,,7.735E+09,,,0.217900%,0.194736%,0.192650%,,,,0.227221%,0.213925%,,0.225430%,,,,,,,,,1,,,,
,,,137:29:20,,Standard Perks Bonus,lvl 14,5d 17h 29m,0.340 831%,7.69 B,167d 22h 25m,,,,,,,,,Health Regen,lvl 56,12d  8h 46m,0.091 553%,254.02 M,1y 296d 10h 14m,,,,,,,,,,,,,,,,,,,,,,,,,,,,,41,14,4,0,0,0,14,6,0,19,0,,6.99E+07,x5,1.80E+06,,,x1.000,975%,x1.000,7.689E+09,,7.792E+09,7.771E+09,7.690E+09,,,,7.840E+09,7.772E+09,,7.886E+09,,,0.217900%,0.196819%,0.192650%,,,,0.183575%,0.213925%,,0.225430%,,,,,,,,,,,,1,
,,,181:30:33,,Death Wave Health,lvl 20,7d 13h 30m,0.338 145%,7.89 B,175d 11h 55m,,,,,,,,,Health Regen,lvl 57,12d 21h 46m,0.086 729%,256.87 M,1y 309d  8h  0m,,,,,,,,,,,,,,,,,,,,,,,,,,,,,41,14,4,0,0,0,14,6,0,20,0,,6.99E+07,x5,1.80E+06,,,x1.000,1000%,x1.000,7.886E+09,,7.992E+09,7.970E+09,7.886E+09,,,,8.040E+09,7.971E+09,,8.082E+09,,,0.217914%,0.196819%,0.187846%,,,,0.183575%,0.213925%,,0.210145%,,,1,,,,,,,,,,
,,,98:31:20,,Health,lvl 42,4d  2h 31m,0.326 871%,7.99 B,179d 14h 27m,,,,,,,,,Standard Perks Bonus,lvl 15,10d 15h 44m,0.082 323%,259.12 M,1y 319d 23h 44m,,,,,,,,,,,,,,,,,,,,,,,,,,,,,42,14,4,0,0,0,14,6,0,20,0,,7.08E+07,x5,1.80E+06,,,x1.000,1000%,x1.000,7.992E+09,,8.097E+09,8.077E+09,7.992E+09,,,,8.148E+09,8.078E+09,,8.191E+09,,,0.203095%,0.196819%,0.185359%,,,,0.183575%,0.213925%,,0.210153%,,,,,,,,,,1,,,
,,,80:25:20,,Improve Trade-Off Perks,lvl 7,3d  8h 25m,0.320 887%,8.08 B,182d 22h 52m,,,,,,,,,Health Regen,lvl 58,13d 11h  5m,0.082 233%,261.99 M,1y 333d 10h 49m,,,,,,,,,,,,,,,,,,,,,,,,,,,,,42,14,4,0,0,0,14,7,0,20,0,,7.08E+07,x5,1.80E+06,,,x1.000,1000%,x1.000,8.078E+09,,8.185E+09,8.164E+09,8.078E+09,,,,8.236E+09,8.165E+09,,8.279E+09,,,0.203095%,0.196819%,0.185359%,,,,0.183575%,0.181601%,,0.210153%,,,,,,,,,,,,1,
,,,189:51:19,,Death Wave Health,lvl 21,7d 21h 51m,0.315 229%,8.28 B,190d 20h 43m,,,,,,,,,Health Regen,lvl 59,14d  0h 44m,0.078 036%,264.86 M,1y 347d 11h 33m,,,,,,,,,,,,,,,,,,,,,,,,,,,,,42,14,4,0,0,0,14,7,0,21,0,,7.08E+07,x5,1.80E+06,,,x1.000,1025%,x1.000,8.279E+09,,8.389E+09,8.368E+09,8.280E+09,,,,8.441E+09,8.369E+09,,8.480E+09,,,0.203108%,0.196819%,0.180849%,,,,0.183575%,0.181601%,,0.196190%,,,1,,,,,,,,,,
,,,104:18:40,,Health,lvl 43,4d  8h 18m,0.304 662%,8.39 B,195d  5h  2m,,,,,,,,,Wall Regen,lvl 20,69d  1h 58m,0.076 187%,278.8 M,2y 51d 13h 32m,,,,,,,,,,,,,,,,,,,,,,,,,,,,,43,14,4,0,0,0,14,7,0,21,0,,7.17E+07,x5,1.80E+06,,,x1.000,1025%,x1.000,8.389E+09,,8.498E+09,8.478E+09,8.389E+09,,,,8.553E+09,8.480E+09,,8.593E+09,,,0.189589%,0.196819%,0.178485%,,,,0.183575%,0.181601%,,0.196197%,,,,1,,,,,,,,,
,,,86:56:40,,Defense %,lvl 15,3d 14h 56m,0.295 228%,8.48 B,198d 19h 59m,,,,,,,,,Health Regen,lvl 60,14d 14h 43m,0.074 113%,281.82 M,2y 66d  4h 15m,,,,,,,,,,,,,,,,,,,,,,,,,,,,,43,15,4,0,0,0,14,7,0,21,0,,7.17E+07,x5,1.80E+06,,,x1.000,1025%,x1.000,8.478E+09,,8.589E+09,8.570E+09,8.479E+09,,,,8.645E+09,8.571E+09,,8.685E+09,,,0.189589%,0.160789%,0.178485%,,,,0.184670%,0.181601%,,0.196197%,,,,,,,,,,,,1,
,,,198:25:09,,Death Wave Health,lvl 22,8d  6h 25m,0.294 295%,8.68 B,207d  2h 24m,,,,,,,,,Health Regen,lvl 61,15d  5h  3m,0.070 440%,284.84 M,2y 81d  9h 18m,,,,,,,,,,,,,,,,,,,,,,,,,,,,,43,15,4,0,0,0,14,7,0,22,0,,7.17E+07,x5,1.80E+06,,,x1.000,1050%,x1.000,8.685E+09,,8.798E+09,8.779E+09,8.685E+09,,,,8.856E+09,8.779E+09,,8.891E+09,,,0.189600%,0.160789%,0.174246%,,,,0.184670%,0.181601%,,0.183414%,,,1,,,,,,,,,,
,,,110:17:20,,Health,lvl 44,4d 14h 17m,0.284 400%,8.8 B,211d 16h 41m,,,,,,,,,Health Regen,lvl 62,15d 19h 42m,0.067 005%,287.86 M,2y 97d  5h  0m,,,,,,,,,,,,,,,,,,,,,,,,,,,,,44,15,4,0,0,0,14,7,0,22,0,,7.27E+07,x5,1.80E+06,,,x1.000,1050%,x1.000,8.798E+09,,8.912E+09,8.893E+09,8.799E+09,,,,8.971E+09,8.894E+09,,9.007E+09,,,0.177227%,0.160789%,0.171998%,,,,0.184670%,0.181601%,,0.183420%,,,,,,,,,1,,,,
,,,170:29:20,,Standard Perks Bonus,lvl 15,7d  2h 29m,0.277 004%,8.97 B,218d 19h 10m,,,,,,,,,Standard Perks Bonus,lvl 16,13d  2h  9m,0.066 432%,290.36 M,2y 110d  7h  9m,,,,,,,,,,,,,,,,,,,,,,,,,,,,,44,15,4,0,0,0,15,7,0,22,0,,7.33E+07,x5,1.82E+06,,,x1.000,1050%,x1.000,8.971E+09,,9.087E+09,9.069E+09,8.972E+09,,,,9.148E+09,9.069E+09,,9.184E+09,,,0.177227%,0.162546%,0.171998%,,,,0.150651%,0.181601%,,0.183420%,,,,,,,,,,,,1,
,,,207:12:21,,Death Wave Health,lvl 23,8d 15h 12m,0.275 130%,9.18 B,227d 10h 23m,,,,,,,,,Health Regen,lvl 63,16d 10h 41m,0.063 785%,293.4 M,2y 126d 17h 50m,,,,,,,,,,,,,,,,,,,,,,,,,,,,,44,15,4,0,0,0,15,7,0,23,0,,7.33E+07,x5,1.82E+06,,,x1.000,1075%,x1.000,9.184E+09,,9.303E+09,9.285E+09,9.185E+09,,,,9.365E+09,9.284E+09,,9.397E+09,,,0.177236%,0.162546%,0.168007%,,,,0.150651%,0.181601%,,0.171694%,,,,,,,,,,1,,,
,,,95:46:00,,Improve Trade-Off Perks,lvl 8,3d 23h 46m,0.272 401%,9.28 B,231d 10h  9m,,,,,,,,,Wall Regen,lvl 21,79d 10h 40m,0.062 937%,308.08 M,2y 206d  4h 30m,,,,,,,,,,,,,,,,,,,,,,,,,,,,,44,15,4,0,0,0,15,8,0,23,0,,7.33E+07,x5,1.82E+06,,,x1.000,1075%,x1.000,9.284E+09,,9.404E+09,9.386E+09,9.285E+09,,,,9.467E+09,9.386E+09,,9.500E+09,,,0.177236%,0.162546%,0.168007%,,,,0.150651%,0.154442%,,0.171694%,,,1,,,,,,,,,,
,,,116:28:00,,Health,lvl 45,4d 20h 28m,0.265 854%,9.4 B,236d  6h 37m,,,,,,,,,Health Regen,lvl 64,17d  2h  1m,0.060 762%,311.27 M,2y 223d  6h 31m,,,,,,,,,,,,,,,,,,,,,,,,,,,,,45,15,4,0,0,0,15,8,0,23,0,,7.43E+07,x5,1.82E+06,,,x1.000,1075%,x1.000,9.404E+09,,9.524E+09,9.507E+09,9.405E+09,,,,9.589E+09,9.507E+09,,9.622E+09,,,0.165909%,0.162546%,0.165867%,,,,0.150651%,0.154442%,,0.171699%,,,,,,,,,,,,1,
,,,216:13:13,,Death Wave Health,lvl 24,9d  0h 13m,0.257 549%,9.62 B,245d  6h 50m,,,,,,,,,Health Regen,lvl 65,17d 17h 42m,0.057 922%,314.47 M,2y 241d  0h 13m,,,,,,,,,,,,,,,,,,,,,,,,,,,,,45,15,4,0,0,0,15,8,0,24,0,,7.43E+07,x5,1.82E+06,,,x1.000,1100%,x1.000,9.622E+09,,9.745E+09,9.727E+09,9.623E+09,,,,9.812E+09,9.728E+09,,9.840E+09,,,0.165918%,0.162546%,0.162106%,,,,0.150651%,0.154442%,,0.160923%,,,1,,,,,,,,,,
,,,122:50:00,,Health,lvl 46,5d  2h 50m,0.248 877%,9.74 B,250d  9h 40m,,,,,,,,,Health Regen,lvl 66,18d  9h 43m,0.055 254%,317.67 M,2y 259d  9h 56m,,,,,,,,,,,,,,,,,,,,,,,,,,,,,46,15,4,0,0,0,15,8,0,24,0,,7.52E+07,x5,1.82E+06,,,x1.000,1100%,x1.000,9.745E+09,,9.867E+09,9.851E+09,9.745E+09,,,,9.937E+09,9.852E+09,,9.966E+09,,,0.155504%,0.162546%,0.160067%,,,,0.150651%,0.154442%,,0.160928%,,,,1,,,,,,,,,
,,,107:34:40,,Defense %,lvl 16,4d 11h 34m,0.243 819%,9.85 B,254d 21h 15m,,,,,,,,,Standard Perks Bonus,lvl 17,15d 22h 27m,0.054 098%,320.41 M,2y 275d  8h 23m,,,,,,,,,,,,,,,,,,,,,,,,,,,,,46,16,4,0,0,0,15,8,0,24,0,,7.52E+07,x5,1.82E+06,,,x1.000,1100%,x1.000,9.851E+09,,9.975E+09,9.960E+09,9.852E+09,,,,1.005E+10,9.960E+09,,1.007E+10,,,0.155504%,0.134411%,0.160067%,,,,0.151582%,0.154442%,,0.160928%,,,,,,,,,,,,1,
,,,225:28:04,,Death Wave Health,lvl 25,9d  9h 28m,0.241 392%,10.07 B,264d  6h 43m,,,,,,,,,Health Regen,lvl 67,19d  2h  5m,0.052 744%,323.63 M,2y 294d 10h 28m,,,,,,,,,,,,,,,,,,,,,,,,,,,,,46,16,4,0,0,0,15,8,0,25,0,,7.52E+07,x5,1.82E+06,,,x1.000,1125%,x1.000,1.007E+10,,1.020E+10,1.019E+10,1.008E+10,,,,1.027E+10,1.019E+10,,1.030E+10,,,0.155511%,0.134411%,0.156518%,,,,0.151582%,0.154442%,,0.151006%,,,,,1,,,,,,,,
,,,0:35:10,,Defense Absolute,lvl 5,0d  0h 35m,0.234 776%,10.08 B,264d  7h 18m,,,,,,,,,Wall Regen,lvl 22,91d  8h 40m,0.052 122%,339.04 M,3y 20d 19h  9m,,,,,,,,,,,,,,,,,,,,,,,,,,,,,46,16,5,0,0,0,15,8,0,25,0,,7.52E+07,x5,1.86E+06,,,x1.000,1125%,x1.000,1.008E+10,,1.020E+10,1.019E+10,1.008E+10,,,,1.028E+10,1.019E+10,,1.030E+10,,,0.155502%,0.134411%,0.103198%,,,,0.151582%,0.154442%,,0.150998%,,,1,,,,,,,,,,
,,,129:24:40,,Health,lvl 47,5d  9h 24m,0.233 254%,10.2 B,269d 16h 43m,,,,,,,,,Health Regen,lvl 68,19d 18h 48m,0.050 380%,342.42 M,3y 40d 13h 57m,,,,,,,,,,,,,,,,,,,,,,,,,,,,,47,16,5,0,0,0,15,8,0,25,0,,7.62E+07,x5,1.86E+06,,,x1.000,1125%,x1.000,1.020E+10,,1.033E+10,1.031E+10,1.020E+10,,,,1.040E+10,1.031E+10,,1.043E+10,,,0.145928%,0.134411%,0.101916%,,,,0.151582%,0.154442%,,0.151002%,,,,,,,,,,1,,,
,,,113:50:40,,Improve Trade-Off Perks,lvl 9,4d 17h 50m,0.231 664%,10.31 B,274d 10h 33m,,,,,,,,,Health Regen,lvl 69,20d 11h 52m,0.048 152%,345.8 M,3y 61d  1h 49m,,,,,,,,,,,,,,,,,,,,,,,,,,,,,47,16,5,0,0,0,15,9,0,25,0,,7.62E+07,x5,1.86E+06,,,x1.000,1125%,x1.000,1.031E+10,,1.044E+10,1.043E+10,1.031E+10,,,,1.052E+10,1.043E+10,,1.054E+10,,,0.145928%,0.134411%,0.101916%,,,,0.151582%,0.131384%,,0.151002%,,,,,,,,,1,,,,
,,,209:26:00,,Standard Perks Bonus,lvl 16,8d 17h 26m,0.227 373%,10.52 B,283d  3h 59m,,,,,,,,,Health Regen,lvl 70,21d  5h 17m,0.046 051%,349.18 M,3y 82d  7h  6m,,,,,,,,,,,,,,,,,,,,,,,,,,,,,47,16,5,0,0,0,16,9,0,25,0,,7.68E+07,x6,1.88E+06,,,x1.000,1125%,x1.000,1.052E+10,,1.065E+10,1.064E+10,1.052E+10,,,,1.073E+10,1.064E+10,,1.075E+10,,,0.145928%,0.135913%,0.101916%,,,,0.124818%,0.131384%,,0.151002%,,,,,,,,,,,,1,
,,,234:57:13,,Death Wave Health,lvl 26,9d 18h 57m,0.226 503%,10.75 B,292d 22h 56m,,,,,,,,,Standard Perks Bonus,lvl 18,19d  5h 39m,0.044 434%,352.17 M,3y 101d 12h 45m,,,,,,,,,,,,,,,,,,,,,,,,,,,,,47,16,5,0,0,0,16,9,0,26,0,,7.68E+07,x6,1.88E+06,,,x1.000,1150%,x1.000,1.075E+10,,1.089E+10,1.087E+10,1.075E+10,,,,1.097E+10,1.087E+10,,1.099E+10,,,0.145935%,0.135913%,0.099705%,,,,0.124818%,0.131384%,,0.141852%,,,1,,,,,,,,,,
,,,136:11:20,,Health,lvl 48,5d 16h 11m,0.218 902%,10.89 B,298d 15h  8m,,,,,,,,,Health Regen,lvl 71,21d 23h  4m,0.044 066%,355.57 M,3y 123d 11h 49m,,,,,,,,,,,,,,,,,,,,,,,,,,,,,48,16,5,0,0,0,16,9,0,26,0,,7.78E+07,x6,1.88E+06,,,x1.000,1150%,x1.000,1.089E+10,,1.102E+10,1.101E+10,1.089E+10,,,,1.110E+10,1.101E+10,,1.112E+10,,,0.137119%,0.135913%,0.098482%,,,,0.124818%,0.131384%,,0.141856%,,,,,,,,,,,,1,
,,,244:40:57,,Death Wave Health,lvl 27,10d  4h 40m,0.212 784%,11.12 B,308d 19h 49m,,,,,,,,,Wall Regen,lvl 23,105d  1h 34m,0.043 263%,371.74 M,3y 228d 13h 23m,,,,,,,,,,,,,,,,,,,,,,,,,,,,,48,16,5,0,0,0,16,9,0,27,0,,7.78E+07,x6,1.88E+06,,,x1.000,1175%,x1.000,1.112E+10,,1.126E+10,1.125E+10,1.112E+10,,,,1.134E+10,1.125E+10,,1.136E+10,,,0.137125%,0.135913%,0.096391%,,,,0.124818%,0.131384%,,0.133405%,,,1,,,,,,,,,,
,,,143:10:00,,Health,lvl 49,5d 23h 10m,0.205 688%,11.26 B,314d 18h 59m,,,,,,,,,Health Regen,lvl 72,22d 17h 12m,0.042 192%,375.3 M,3y 251d  6h 35m,,,,,,,,,,,,,,,,,,,,,,,,,,,,,49,16,5,0,0,0,16,9,0,27,0,,7.87E+07,x6,1.88E+06,,,x1.000,1175%,x1.000,1.126E+10,,1.139E+10,1.138E+10,1.126E+10,,,,1.148E+10,1.138E+10,,1.150E+10,,,0.128996%,0.135913%,0.095222%,,,,0.124818%,0.131384%,,0.133408%,,,,1,,,,,,,,,
,,,131:32:00,,Defense %,lvl 17,5d 11h 32m,0.203 870%,11.38 B,320d  6h 31m,,,,,,,,,Health Regen,lvl 73,23d 11h 41m,0.040 421%,378.86 M,3y 274d 18h 16m,,,,,,,,,,,,,,,,,,,,,,,,,,,,,49,17,5,0,0,0,16,9,0,27,0,,7.87E+07,x6,1.88E+06,,,x1.000,1175%,x1.000,1.138E+10,,1.152E+10,1.151E+10,1.138E+10,,,,1.161E+10,1.151E+10,,1.163E+10,,,0.128996%,0.113634%,0.095222%,,,,0.125617%,0.131384%,,0.133408%,,,,,,,,,,,,1,
,,,254:39:33,,Death Wave Health,lvl 28,10d 14h 39m,0.200 112%,11.63 B,330d 21h 10m,,,,,,,,,Health Regen,lvl 74,24d  6h 32m,0.038 745%,382.43 M,3y 299d  0h 48m,,,,,,,,,,,,,,,,,,,,,,,,,,,,,49,17,5,0,0,0,16,9,0,28,0,,7.87E+07,x6,1.88E+06,,,x1.000,1200%,x1.000,1.163E+10,,1.177E+10,1.176E+10,1.163E+10,,,,1.186E+10,1.175E+10,,1.187E+10,,,0.129001%,0.113634%,0.093243%,,,,0.125617%,0.131384%,,0.125589%,,,,,,,,,,1,,,
,,,135:18:40,,Improve Trade-Off Perks,lvl 10,5d 15h 18m,0.197 077%,11.75 B,336d 12h 29m,,,,,,,,,Health Regen,lvl 75,25d  1h 46m,0.037 158%,385.99 M,3y 324d  2h 34m,,,,,,,,,,,,,,,,,,,,,,,,,,,,,49,17,5,0,0,0,16,10,0,28,0,,7.87E+07,x6,1.88E+06,,,x1.000,1200%,x1.000,1.175E+10,,1.190E+10,1.189E+10,1.176E+10,,,,1.199E+10,,,1.200E+10,,,0.129001%,0.113634%,0.093243%,,,,0.125617%,,,0.125589%,,,1,,,,,,,,,,
,,,150:20:40,,Health,lvl 50,6d  6h 20m,0.193 502%,11.9 B,342d 18h 50m,,,,,,,,,Standard Perks Bonus,lvl 19,23d  0h 46m,0.036 795%,389.26 M,3y 347d  3h 20m,,,,,,,,,,,,,,,,,,,,,,,,,,,,,50,17,5,0,0,0,16,10,0,28,0,,7.97E+07,x6,1.88E+06,,,x1.000,1200%,x1.000,1.190E+10,,1.204E+10,1.203E+10,1.190E+10,,,,1.214E+10,,,1.214E+10,,,0.121477%,0.113634%,0.092126%,,,,0.125617%,,,0.125592%,,,,,,,,,1,,,,
,,,254:58:00,,Standard Perks Bonus,lvl 17,10d 14h 58m,0.188 425%,12.14 B,353d  9h 48m,,,,,,,,,Wall Regen,lvl 24,120d 19h 48m,0.035 984%,406.18 M,4y 102d 23h  9m,,,,,,,,,,,,,,,,,,,,,,,,,,,,,50,17,5,0,0,0,17,10,0,28,0,,8.04E+07,x6,1.90E+06,,,x1.000,1200%,x1.000,1.214E+10,,1.228E+10,1.227E+10,1.214E+10,,,,1.238E+10,,,1.239E+10,,,0.121477%,0.114932%,0.092126%,,,,0.104356%,,,0.125592%,,,,,,,,,,,,1,
,,,264:53:18,,Death Wave Health,lvl 29,11d  0h 53m,0.188 388%,12.39 B,364d 10h 41m,,,,,,,,,Health Regen,lvl 76,25d 21h 20m,0.035 655%,409.93 M,4y 128d 20h 29m,,,,,,,,,,,,,,,,,,,,,,,,,,,,,50,17,5,0,0,0,17,10,0,29,0,,8.04E+07,x6,1.90E+06,,,x1.000,1225%,x1.000,1.239E+10,,1.254E+10,1.253E+10,1.239E+10,,,,1.264E+10,,,1.264E+10,,,0.121482%,0.114932%,0.090249%,,,,0.104356%,,,0.118349%,,,1,,,,,,,,,,
,,,157:44:40,,Health,lvl 51,6d 13h 44m,0.182 223%,12.54 B,1y 6d  0h 26m,,,,,,,,,Health Regen,lvl 77,26d 17h 18m,0.034 229%,413.68 M,4y 155d 13h 47m,,,,,,,,,,,,,,,,,,,,,,,,,,,,,51,17,5,0,0,0,17,10,0,29,0,,8.14E+07,x6,1.90E+06,,,x1.000,1225%,x1.000,1.254E+10,,1.268E+10,1.268E+10,1.254E+10,,,,1.279E+10,,,1.279E+10,,,0.114534%,0.114932%,0.089181%,,,,0.104356%,,,0.118352%,,,,,,,,,,,,1,
,,,275:22:29,,Death Wave Health,lvl 30,11d 11h 22m,0.177 527%,12.79 B,1y 17d 11h 48m,,,,,,,,,Health Regen,lvl 78,27d 13h 37m,0.032 877%,417.43 M,4y 183d  3h 24m,,,,,,,,,,,,,,,,,,,,,,,,,,,,,51,17,5,0,0,0,17,10,0,30,0,,8.14E+07,x6,1.90E+06,,,x1.000,1250%,x1.000,1.279E+10,,1.294E+10,1.294E+10,1.279E+10,,,,1.305E+10,,,,,,0.114538%,0.114932%,0.087401%,,,,0.104356%,,,,,,,1,,,,,,,,,
,,,159:06:00,,Defense %,lvl 18,6d 15h  6m,0.172 398%,12.94 B,1y 24d  2h 54m,,,,,,,,,Health Regen,lvl 79,28d 10h 18m,0.031 594%,421.18 M,4y 211d 13h 42m,,,,,,,,,,,,,,,,,,,,,,,,,,,,,51,18,5,0,0,0,17,10,0,30,0,,8.14E+07,x6,1.90E+06,,,x1.000,1250%,x1.000,1.294E+10,,1.309E+10,1.309E+10,1.294E+10,,,,1.320E+10,,,,,,0.114538%,0.097052%,0.087401%,,,,0.105048%,,,,,,1,,,,,,,,,,
,,,165:20:00,,Health,lvl 52,6d 21h 20m,0.171 808%,13.09 B,1y 31d  0h 14m,,,,,,,,,Standard Perks Bonus,lvl 20,27d  8h 53m,0.030 703%,424.72 M,4y 238d 22h 35m,,,,,,,,,,,,,,,,,,,,,,,,,,,,,52,18,5,0,0,0,17,10,0,30,0,,8.23E+07,x6,1.90E+06,,,x1.000,1250%,x1.000,1.309E+10,,1.324E+10,1.324E+10,1.309E+10,,,,1.336E+10,,,,,,0.108092%,0.097052%,0.086379%,,,,0.105048%,,,,,,1,,,,,,,,,,
,,,173:08:40,,Health,lvl 53,7d  5h  8m,0.162 138%,13.24 B,1y 38d  5h 23m,,,,,,,,,Health Regen,lvl 80,29d  7h 22m,0.030 375%,428.5 M,4y 268d  5h 57m,,,,,,,,,,,,,,,,,,,,,,,,,,,,,53,18,5,0,0,0,17,10,0,30,0,,8.33E+07,x6,1.90E+06,,,x1.000,1250%,x1.000,1.324E+10,,1.340E+10,1.340E+10,1.324E+10,,,,1.351E+10,,,,,,0.102111%,0.097052%,0.085380%,,,,0.105048%,,,,,,,,,,,,1,,,,
,,,307:46:00,,Standard Perks Bonus,lvl 18,12d 19h 46m,0.157 573%,13.51 B,1y 51d  1h  9m,,,,,,,,,Wall Regen,lvl 25,138d 22h 47m,0.029 987%,446.36 M,5y 42d  4h 45m,,,,,,,,,,,,,,,,,,,,,,,,,,,,,53,18,5,0,0,0,18,10,0,30,0,,8.40E+07,x6,1.91E+06,,,x1.000,1250%,x1.000,1.351E+10,,1.367E+10,1.367E+10,1.351E+10,,,,1.379E+10,,,,,,0.102111%,0.098188%,0.085380%,,,,0.088006%,,,,,,1,,,,,,,,,,
,,,181:10:00,,Health,lvl 54,7d 13h 10m,0.153 167%,13.67 B,1y 58d 14h 19m,,,,,,,,,Health Regen,lvl 81,30d  4h 48m,0.029 217%,450.29 M,5y 72d  9h 33m,,,,,,,,,,,,,,,,,,,,,,,,,,,,,54,18,5,0,0,0,18,10,0,30,0,,8.50E+07,x6,1.91E+06,,,x1.000,1250%,x1.000,1.367E+10,,1.382E+10,1.383E+10,1.367E+10,,,,1.394E+10,,,,,,0.096556%,0.098188%,0.084404%,,,,0.088006%,,,,,,,1,,,,,,,,,
,,,190:35:20,,Defense %,lvl 19,7d 22h 35m,0.147 281%,13.83 B,1y 66d 12h 54m,,,,,,,,,Health Regen,lvl 82,31d  2h 37m,0.028 115%,454.23 M,5y 103d 12h 10m,,,,,,,,,,,,,,,,,,,,,,,,,,,,,54,19,5,0,0,0,18,10,0,30,0,,8.50E+07,x6,1.91E+06,,,x1.000,1250%,x1.000,1.383E+10,,1.399E+10,1.399E+10,1.383E+10,,,,1.411E+10,,,,,,0.096556%,0.083676%,0.084404%,,,,0.088613%,,,,,,1,,,,,,,,,,
,,,189:24:00,,Health,lvl 55,7d 21h 24m,0.144 834%,13.99 B,1y 74d 10h 18m,,,,,,,,,Health Regen,lvl 83,32d  0h 49m,0.027 067%,458.17 M,5y 135d 12h 59m,,,,,,,,,,,,,,,,,,,,,,,,,,,,,55,19,5,0,0,0,18,10,0,30,0,,8.59E+07,x6,1.91E+06,,,x1.000,1250%,x1.000,1.399E+10,,1.414E+10,1.415E+10,1.399E+10,,,,1.427E+10,,,,,,0.091390%,0.083676%,0.083450%,,,,0.088613%,,,,,,1,,,,,,,,,,
,,,197:50:40,,Health,lvl 56,8d  5h 50m,0.137 085%,14.14 B,1y 82d 16h  9m,,,,,,,,,Health Regen,lvl 84,32d 23h 24m,0.026 068%,462.11 M,5y 168d 12h 23m,,,,,,,,,,,,,,,,,,,,,,,,,,,,,56,19,5,0,0,0,18,10,0,30,0,,8.69E+07,x6,1.91E+06,,,x1.000,1250%,x1.000,1.414E+10,,1.430E+10,1.431E+10,1.414E+10,,,,1.443E+10,,,,,,0.086576%,0.083676%,0.082518%,,,,0.088613%,,,,,,,,,,,,1,,,,
,,,368:30:40,,Standard Perks Bonus,lvl 19,15d  8h 30m,0.132 919%,14.43 B,1y 98d  0h 39m,,,,,,,,,Standard Perks Bonus,lvl 21,32d  7h  6m,0.025 803%,465.96 M,5y 200d 19h 29m,,,,,,,,,,,,,,,,,,,,,,,,,,,,,56,19,5,0,0,0,19,10,0,30,0,,8.77E+07,x6,1.93E+06,,,x1.000,1250%,x1.000,1.443E+10,,1.459E+10,1.461E+10,1.443E+10,,,,1.473E+10,,,,,,0.086576%,0.084678%,0.082518%,,,,0.074826%,,,,,,1,,,,,,,,,,
,,,206:30:40,,Health,lvl 57,8d 14h 30m,0.129 864%,14.59 B,1y 106d 15h 10m,,,,,,,,,Health Regen,lvl 85,33d 22h 21m,0.025 118%,469.93 M,5y 234d 17h 50m,,,,,,,,,,,,,,,,,,,,,,,,,,,,,57,19,5,0,0,0,19,10,0,30,0,,8.86E+07,x6,1.93E+06,,,x1.000,1250%,x1.000,1.459E+10,,1.475E+10,1.477E+10,1.459E+10,,,,1.489E+10,,,,,,0.082091%,0.084678%,0.081606%,,,,0.074826%,,,,,,,1,,,,,,,,,
,,,226:17:20,,Defense %,lvl 20,9d 10h 17m,0.127 017%,14.77 B,1y 116d  1h 27m,,,,,,,,,Wall Regen,lvl 26,159d 19h  0m,0.025 033%,488.73 M,6y 29d 12h 50m,,,,,,,,,,,,,,,,,,,,,,,,,,,,,57,20,5,0,0,0,19,10,0,30,0,,8.86E+07,x6,1.93E+06,,,x1.000,1250%,x1.000,1.477E+10,,1.493E+10,1.495E+10,1.477E+10,,,,1.507E+10,,,,,,0.082091%,0.072770%,0.081606%,,,,0.075361%,,,,,,1,,,,,,,,,,
,,,215:23:20,,Health,lvl 58,8d 23h 23m,0.123 136%,14.93 B,1y 125d  0h 51m,,,,,,,,,Health Regen,lvl 86,34d 21h 42m,0.024 211%,492.86 M,6y 64d 10h 32m,,,,,,,,,,,,,,,,,,,,,,,,,,,,,58,20,5,0,0,0,19,10,0,30,0,,8.96E+07,x6,1.93E+06,,,x1.000,1250%,x1.000,1.493E+10,,1.509E+10,1.511E+10,1.493E+10,,,,1.524E+10,,,,,,0.077902%,0.072770%,0.080714%,,,,0.075361%,,,,,,,,1,,,,,,,,
,,,0:53:20,,Defense Absolute,lvl 6,0d  0h 53m,0.121 071%,14.93 B,1y 125d  1h 44m,,,,,,,,,Health Regen,lvl 87,35d 21h 26m,0.023 347%,496.99 M,6y 100d  7h 58m,,,,,,,,,,,,,,,,,,,,,,,,,,,,,58,20,6,0,0,0,19,10,0,30,0,,8.96E+07,x6,1.98E+06,,,x1.000,1250%,x1.000,1.493E+10,,1.510E+10,1.511E+10,1.493E+10,,,,1.524E+10,,,,,,0.077899%,0.072770%,0.055662%,,,,0.075361%,,,,,,1,,,,,,,,,,
,,,224:29:20,,Health,lvl 59,9d  8h 29m,0.116 848%,15.1 B,1y 134d 10h 13m,,,,,,,,,Health Regen,lvl 88,36d 21h 33m,0.022 522%,501.12 M,6y 137d  5h 31m,,,,,,,,,,,,,,,,,,,,,,,,,,,,,59,20,6,0,0,0,19,10,0,30,0,,9.06E+07,x6,1.98E+06,,,x1.000,1250%,x1.000,1.510E+10,,1.526E+10,1.528E+10,1.510E+10,,,,1.541E+10,,,,,,0.073984%,0.072770%,0.055060%,,,,0.075361%,,,,,,,,,,,,1,,,,
,,,437:55:20,,Standard Perks Bonus,lvl 20,18d  5h 55m,0.113 042%,15.41 B,1y 152d 16h  9m,,,,,,,,,Standard Perks Bonus,lvl 22,37d 20h 32m,0.021 832%,505.26 M,6y 175d  2h  3m,,,,,,,,,,,,,,,,,,,,,,,,,,,,,59,20,6,0,0,0,20,10,0,30,0,,9.14E+07,x6,2.00E+06,,,x1.000,1250%,x1.000,1.541E+10,,1.557E+10,1.560E+10,1.541E+10,,,,1.573E+10,,,,,,0.073984%,0.073663%,0.055060%,,,,0.064112%,,,,,,1,,,,,,,,,,