,,,,,,,,,,,,,,,,,,,,,,,,,,,,,,,,,,,,,,,,,,,,,,,,,,,,,,,,,,,,,,,,,,,,,,,,,,,,,,,,,,,,,,,,,,,,,,,,,,,,,,,,,,,,,,,,,,,,,,,,,,,,,,,,,,,
,,,,,,,,,,Curve represent the effective value increase in the next 30 upgrades,,,,,,,,,,,,,,,,,,,,,,,,,,,,,,,,,,,,,,,,,,,,,,,,,,,,,,,,,,,,,,,,,,,,,,,,,,,,,,,,,,,,,,,,,,,,,,,,,,,,,,,,,,,,,,,,,,,,,,,,,
,,Coins / Kill Bonus,, ↓ Econ Lab PATH  ↓,The Effective Avg. CPK Lab Path (0.24.5) (Time focused),,,,,, ↓ Econ UW PATH  ↓,The Effective Avg. CPK UW Path (0.24.5) (Stone focused),,,,,, ↓ Econ Coins PATH  ↓,The Effective Econ Path (0.25.7) (Coins focused),,,,,,,Total Lab Time,,Modules,,,,,,Perks,,,,TRUE,,Stats/Formulas,,Lab,,,,Workshop ($),,Workshop+,,,Relics,Vault,,LAB PATH UPDATE RUNNING,,,,,,,,,,,,,eEcon Calculation,,,,,,,,,,,,,,,,,,,,,,,,,,,,eEcon SIMULATIONS,,,,,,,,,,,,TIME USAGE VS eEcon GAIN,,,,,,,,,,,,,LAB PATH UPDATE MATRIX,,,,,,,,,,,
,,Golden Tower Bonus,,,Lab,Level,Duration,ROI / day,CPK,Running Time,,Lab,Level,Cost,ROI / Stone,CPK,,,Lab,Level,Cost,CPK progress / 100B Coins,CPK,,,2y 3d 18h  9m+,,Generator,,1.011,,,,Name,,Quantity,Value,Active,,,,Current,Target,Max,Value,Current,Value,Current,Max,Value,,,,Coins / Kill Bonus,Standard Perks Bonus,Improve Trade-off Perks,Coin Mastery,Recovery Package Chance,Golden Tower Bonus,Golden Tower Duration,Black Hole Coin Bonus,Death Wave Coin Bonus,Spotlight Coin Bonus,Gold Bot - Cooldown,Gold Bot - Duration,,Constant Name,Constant Value,CPK,BHDig,Card,Base,Avg Time Boost,Global Cooldown,GTB,GTD,GTC,GT GC,Golden Tower,BHcb,BHD,BHC,Black Hole,DWcb,DWQ,DWC,Death Wave,SLcb,SLA,SLQ,Spotlight,Golden Bot,eECon,,Coins / Kill Bonus,Standard Perks Bonus,Improve Trade-off Perks,Recovery Package Chance,Golden Tower Bonus,Golden Tower Duration,Black Hole Coin Bonus,Death Wave Coin Bonus,Spotlight Coin Bonus,Gold Bot - Cooldown,Gold Bot - Duration,,Coins / Kill Bonus,Standard Perks Bonus,Improve Trade-off Perks,Coin Mastery,Recovery Package Chance,Golden Tower Bonus,Golden Tower Duration,Black Hole Coin Bonus,Death Wave Coin Bonus,Spotlight Coin Bonus,Gold Bot - Cooldown,Gold Bot - Duration,,Coins / Kill Bonus,Standard Perks Bonus,Improve Trade-off Perks,Coin Mastery,Recovery Package Chance,Golden Tower Bonus,Golden Tower Duration,Black Hole Coin Bonus,Death Wave Coin Bonus,Spotlight Coin Bonus,Gold Bot - Cooldown,Gold Bot - Duration
,,Golden Tower Duration,1,,,,,,,x1,,,,,,,,,,,,,,,,Current Average CPK,,Substat Compared To:,,Next Tier,,,,Coins,,5,x1.75,TRUE,,,Coins / Kill Bonus,0,,99,x1.00,89.00,1.89,0,100,x1.00,0%,0%,,0,0,0,0,0,0,0,0,0,0,0,0,,Wave dur.,32.30,x5.95,x1.000,x1.15,x6.92,100.00%,0.00s,x18.30,30s,190s,x1.00,x3.73,x1.00,44s,190s,x1.00,x1.50,3,190s,x1.03,x1.00,30,1,x1.00,x1.48,3.95E+01,,4.03E+01,3.99E+01,3.99E+01,,3.99E+01,4.05E+01,4.41E+01,3.96E+01,,3.96E+01,3.98E+01,,12342.85714%,14.54545%,0.96064%,,,0.57123%,1.46403%,6.95026%,0.36735%,,0.19886%,0.09524%,,1,,,,,,,,,,,
,,Death Wave Coin Bonus,0:00:14,,Coins / Kill Bonus,lvl 1,0d  0h  0m,12342.85714%,40,0d  0h  0m,,GT | Bonus,lvl 11,116⧌,0.04377%,41.50,116 ⧌,,,,,,,,,39.50,,Galaxy Compressor,,0,,,,Free Upgrades,,5,25.00%,TRUE,,,Free Attack Upgrade,-,,,,50,25.0%,0,50,x1.00,0%,-,,1,0,0,0,0,0,0,0,0,0,0,0,,Base Econ,x1.01,x6.07,x1.000,x1.15,x7.06,100.00%,0.00s,x18.30,30s,190s,x1.00,x3.73,x1.00,,190s,x1.00,1.50,,190s,x1.03,1.00,,,x1.00,x1.48,4.03E+01,,4.11E+01,4.07E+01,4.07E+01,,4.07E+01,4.13E+01,4.50E+01,4.04E+01,,4.04E+01,4.06E+01,,441.17647%,14.54545%,0.96064%,,,0.57123%,1.46403%,6.95026%,0.36735%,,0.19886%,0.09524%,,1,,,,,,,,,,,
,,Spotlight Coin Bonus,0:06:24,,Coins / Kill Bonus,lvl 2,0d  0h  6m,441.17647%,41,0d  0h  6m,,GT | Bonus,lvl 12,138⧌,0.03502%,43.51,254 ⧌,,,,,,,,,,,Black Hole Digestor,,No,,,,x Coins / Health - 70%,,,x1.80,TRUE,,,Free Defense Upgrade,-,,,,50,25.0%,,,,0%,-,,2,0,0,0,0,0,0,0,0,0,0,0,,,,x6.19,x1.000,x1.15,x7.20,100.00%,0.00s,x18.30,30s,190s,x1.00,x3.73,x1.00,,190s,x1.00,1.50,,190s,x1.03,1.00,,,x1.00,x1.48,4.11E+01,,4.19E+01,4.15E+01,4.15E+01,,4.15E+01,4.21E+01,4.58E+01,4.12E+01,,4.12E+01,4.14E+01,,168.85553%,14.54545%,0.96064%,,,0.57123%,1.46403%,6.95026%,0.36735%,,0.19886%,0.09524%,,1,,,,,,,,,,,
,,Standard Perks Bonus,0:16:24,,Coins / Kill Bonus,lvl 3,0d  0h 16m,168.85553%,42,0d  0h 23m,,GT | Bonus,lvl 13,162⧌,0.02845%,45.51,416 ⧌,,,,,,,,,Themes,,Coins / Kill Bonus,5.29%,0,,,,Golden Tower Bonus x1.5,,,x1.5,TRUE,,,Free Utility Upgrade,-,,,,50,25.0%,,,,0%,-,,3,0,0,0,0,0,0,0,0,0,0,0,,,,x6.31,x1.000,x1.15,x7.34,100.00%,0.00s,x18.30,30s,190s,x1.00,x3.73,x1.00,,190s,x1.00,1.50,,190s,x1.03,1.00,,,x1.00,x1.48,4.19E+01,,4.27E+01,4.23E+01,4.23E+01,,4.23E+01,4.29E+01,4.67E+01,4.20E+01,,4.20E+01,4.22E+01,,86.16219%,14.54545%,0.96064%,,,0.57123%,1.46403%,6.95026%,0.36735%,,0.19886%,0.09524%,,1,,,,,,,,,,,
,,Improve Trade-off Perks,0:31:32,,Coins / Kill Bonus,lvl 4,0d  0h 31m,86.16219%,43,0d  0h 54m,,GT | Bonus,lvl 14,250⧌,0.01763%,47.52,666 ⧌,,,,,,,,,x1.000,,Package Chance,-,0%,,,,Black Hole Duration,,,+12s,TRUE,,,Recovery Package Chance,0,,20,0.00%,40,22.00%,-,,,-,,,4,0,0,0,0,0,0,0,0,0,0,0,,,,x6.43,x1.000,x1.15,x7.48,100.00%,0.00s,x18.30,30s,190s,x1.00,x3.73,x1.00,,190s,x1.00,1.50,,190s,x1.03,1.00,,,x1.00,x1.48,4.27E+01,,4.34E+01,4.31E+01,4.31E+01,,4.31E+01,4.37E+01,4.76E+01,4.28E+01,,4.28E+01,4.30E+01,,50.47319%,14.54545%,0.96064%,,,0.57123%,1.46403%,6.95026%,0.36735%,,0.19886%,0.09524%,,1,,,,,,,,,,,
,,Black Hole Coin Bonus,0:52:50,,Coins / Kill Bonus,lvl 5,0d  0h 52m,50.47319%,43,0d  1h 47m,,GT | Duration,31s,168⧌,0.01542%,48.75,834 ⧌,,,,,,,,,Tier 1,,Free Attack Upgrade,-,0%,,,,Death Wave Quantity,,,+1,TRUE,,,Package After Boss,0,-,1,-,-,,-,,,-,,,5,0,0,0,0,0,0,0,0,0,0,0,,,,x6.55,x1.000,x1.15,x7.61,100.00%,0.00s,x18.30,30s,190s,x1.00,x3.73,x1.00,,190s,x1.00,1.50,,190s,x1.03,1.00,,,x1.00,x1.48,4.34E+01,,4.42E+01,4.39E+01,4.39E+01,,4.39E+01,4.45E+01,4.85E+01,4.36E+01,,4.36E+01,4.38E+01,,32.72727%,14.54545%,0.96064%,,,0.57123%,1.46403%,6.95026%,0.36735%,,0.19886%,0.09524%,,1,,,,,,,,,,,
,,Gold Bot - Cooldown,1:20:00,,Coins / Kill Bonus,lvl 6,0d  1h 20m,32.72727%,44,0d  3h  7m,,GT | Duration,32s,185⧌,0.01365%,49.98,1.02 K ⧌,,,,,,,,,x1.0,,Free Defense Upgrade,-,0%,,,,,,,,,,,Standard Perk Bonus,0,,25,0.00%,,,,,,,,,6,0,0,0,0,0,0,0,0,0,0,0,,,,x6.67,x1.000,x1.15,x7.75,100.00%,0.00s,x18.30,30s,190s,x1.00,x3.73,x1.00,,190s,x1.00,1.50,,190s,x1.03,1.00,,,x1.00,x1.48,4.42E+01,,4.50E+01,4.47E+01,4.47E+01,,4.47E+01,4.53E+01,4.94E+01,4.44E+01,,4.44E+01,4.46E+01,,22.16749%,14.54545%,0.96064%,,,0.57123%,1.46403%,6.95026%,0.36735%,,0.19886%,0.09524%,,1,,,,,,,,,,,
,,Gold Bot - Duration,1:56:00,,Coins / Kill Bonus,lvl 7,0d  1h 56m,22.16749%,45,0d  5h  3m,,GT | Bonus,lvl 15,350⧌,0.01223%,52.12,1.37 K ⧌,,,,,,,,,"Ad, Starter & Epic",,Free Utility Upgrade,-,2%,,,,User Specific Guess,,,,,,,Improved Trade-Off Perks,0,,10,0.00%,,,,,,,,,7,0,0,0,0,0,0,0,0,0,0,0,,,,x6.79,x1.000,x1.15,x7.89,100.00%,0.00s,x18.30,30s,190s,x1.00,x3.73,x1.00,,190s,x1.00,1.50,,190s,x1.03,1.00,,,x1.00,x1.48,4.50E+01,,4.58E+01,4.55E+01,4.55E+01,,4.55E+01,4.61E+01,5.02E+01,4.52E+01,,4.52E+01,4.54E+01,,15.88878%,14.54545%,0.96064%,,,0.57123%,1.46403%,6.95026%,0.36735%,,0.19886%,0.09524%,,1,,,,,,,,,,,
,,Recovery Package Chance,2:39:00,,Coins / Kill Bonus,lvl 8,0d  2h 39m,15.88878%,46,0d  7h 42m,,GT | Duration,33s,203⧌,0.01227%,53.42,1.57 K ⧌,,,,,,,,,x1,,Core,,-,,,,% of Enemies that die in BH while it is active,,,,100%,,,Golden Tower Bonus,0,,25,x0.00,,,UW Stats,,,UW+,,,8,0,0,0,0,0,0,0,0,0,0,0,,,,x6.91,x1.000,x1.15,x8.03,100.00%,0.00s,x18.30,30s,190s,x1.00,x3.73,x1.00,,190s,x1.00,1.50,,190s,x1.03,1.00,,,x1.00,x1.48,4.58E+01,,4.66E+01,4.63E+01,4.63E+01,,4.63E+01,4.69E+01,5.11E+01,4.60E+01,,4.60E+01,4.62E+01,,11.76663%,14.54545%,0.96064%,,,0.57123%,1.46403%,6.95026%,0.36735%,,0.19886%,0.09524%,,,1,,,,,,,,,,
,,Mastery,1:39:00,,Standard Perks Bonus,lvl 1,0d  1h 39m,14.54545%,46,0d  9h 21m,,GT BH DW | Cooldown,180s,420⧌,0.01103%,55.89,1.99 K ⧌,,,,,,,,,All Coin Bonus,,Substat Compared To:,,Next Tier,,,,Keep GT|BH|DW CD and GT|BH Dura. Synced,,,,TRUE,,,Golden Tower Duration,0,,20,s,,TRUE,12.2x,30s,190s,Locked,,,8,1,0,0,0,0,0,0,0,0,0,0,,,,x6.98,x1.000,x1.15,x8.11,100.00%,0.00s,x18.30,30s,190s,x1.00,x3.73,x1.00,,190s,x1.00,1.50,,190s,x1.03,1.00,,,x1.00,x1.48,4.63E+01,,4.71E+01,4.67E+01,4.67E+01,,4.67E+01,4.74E+01,5.16E+01,4.64E+01,,4.64E+01,4.66E+01,,11.76663%,4.26869%,0.96064%,,,0.57123%,1.46403%,6.95026%,0.36735%,,0.19886%,0.09524%,,1,,,,,,,,,,,
,,,3:31:00,,Coins / Kill Bonus,lvl 9,0d  3h 31m,11.76663%,47,0d 12h 52m,,GT | Duration,34s,222⧌,0.01106%,57.27,2.21 K ⧌,,,,,,,,,x1.16,,Multiverse Nexus,,No,,,,Enemies killed per Second (GT+),,,,7,,,Black Hole Coin Bonus,0,,20,x1.00,,TRUE,-,32s,190s,-,,,9,1,0,0,0,0,0,0,0,0,0,0,,,,x7.10,x1.000,x1.15,x8.25,100.00%,0.00s,x18.30,30s,190s,x1.00,x3.73,x1.00,,190s,x1.00,1.50,,190s,x1.03,1.00,,,x1.00,x1.48,4.71E+01,,4.79E+01,4.75E+01,4.75E+01,,4.75E+01,4.82E+01,5.25E+01,4.72E+01,,4.72E+01,4.74E+01,,8.97308%,4.26869%,0.96064%,,,0.57123%,1.46403%,6.95026%,0.36735%,,0.19886%,0.09524%,,1,,,,,,,,,,,
,,Coin Bonus,4:32:00,,Coins / Kill Bonus,lvl 10,0d  4h 32m,8.97308%,48,0d 17h 24m,,GT BH DW | Cooldown,170s,472⧌,0.01058%,60.12,2.69 K ⧌,,,,,,,,,,,Golden Tower - Bonus,4.23%,0,,,,Boss spawns every # of waves,,,,10,,,Death Wave Coin Bonus,0,,20,x1.50,,TRUE,-,2#,190s,-,,,10,1,0,0,0,0,0,0,0,0,0,0,,,,x7.22,x1.000,x1.15,x8.39,100.00%,0.00s,x18.30,30s,190s,x1.00,x3.73,x1.00,,190s,x1.00,1.50,,190s,x1.03,1.00,,,x1.00,x1.48,4.79E+01,,4.87E+01,4.83E+01,4.83E+01,,4.83E+01,4.90E+01,5.34E+01,4.80E+01,,4.80E+01,4.83E+01,,6.99708%,4.26869%,0.96064%,,,0.57123%,1.46403%,6.95026%,0.36735%,,0.19886%,0.09524%,,1,,,,,,,,,,,
,,Free Upgrades,5:43:00,,Coins / Kill Bonus,lvl 11,0d  5h 43m,6.99708%,49,0d 23h  7m,,GT BH DW | Cooldown,160s,524⧌,0.01025%,63.35,3.21 K ⧌,,,,,,,,,,,Golden Tower - Duration,4.88%,0,,,,,,,,,,,Spotlight Coin Bonus,0,,20,x1.00,,FALSE,-,30,1#,-,,,11,1,0,0,0,0,0,0,0,0,0,0,,,,x7.34,x1.000,x1.15,x8.53,100.00%,0.00s,x18.30,30s,190s,x1.00,x3.73,x1.00,,190s,x1.00,1.50,,190s,x1.03,1.00,,,x1.00,x1.48,4.87E+01,,4.95E+01,4.92E+01,4.92E+01,,4.91E+01,4.99E+01,5.43E+01,4.88E+01,,4.88E+01,4.91E+01,,5.58075%,4.26869%,0.96064%,,,0.57123%,1.46403%,6.95026%,0.36735%,,0.19886%,0.09524%,,,,,,,,,1,,,,
,,,39:59:00,,Black Hole Coin Bonus,lvl 1,1d 15h 59m,6.95026%,54,2d 15h  6m,,GT | Duration,35s,242⧌,0.01011%,64.90,3.45 K ⧌,,,,,,,,,,,Golden Tower - Cooldown,1.98%,0,,,,Cards,,,,TRUE,,,Gold Bot - Cooldown,0,,25,s,,,,,,,,,11,1,0,0,0,0,0,1,0,0,0,0,,,,x7.34,x1.000,x1.15,x8.53,100.00%,0.00s,x18.30,30s,190s,x1.00,x3.73,x1.50,,190s,x1.12,1.50,,190s,x1.03,1.00,,,x1.00,x1.48,5.43E+01,,5.52E+01,5.48E+01,5.48E+01,,5.48E+01,5.56E+01,5.99E+01,5.45E+01,,5.45E+01,5.47E+01,,5.58075%,4.26869%,0.96064%,,,0.57123%,1.46403%,5.15112%,0.36735%,,0.19886%,0.09524%,,1,,,,,,,,,,,
,,,7:03:00,,Coins / Kill Bonus,lvl 12,0d  7h  3m,5.58075%,55,2d 22h  9m,,GT BH DW | Cooldown,150s,576⧌,0.01012%,68.69,4.03 K ⧌,,,,,,,,,,,Spotlight - Angle,-,0,,,,Name,Level,Value,ROI / ⧌,Active,,,Gold Bot - Duration,0,,20,.0s,,,,,,,,,12,1,0,0,0,0,0,1,0,0,0,0,,,,x7.46,x1.000,x1.15,x8.67,100.00%,0.00s,x18.30,30s,190s,x1.00,x3.73,x1.50,,190s,x1.12,1.50,,190s,x1.03,1.00,,,x1.00,x1.48,5.52E+01,,5.61E+01,5.57E+01,5.57E+01,,5.57E+01,5.65E+01,6.09E+01,5.54E+01,,5.54E+01,5.56E+01,,4.51864%,4.26869%,0.96064%,,,0.57123%,1.46403%,5.15112%,0.36735%,,0.19886%,0.09524%,,,,,,,,,1,,,,
,,,48:21:00,,Black Hole Coin Bonus,lvl 2,2d  0h 21m,5.15112%,61,4d 22h 30m,,GT BH DW | Cooldown,140s,648⧌,0.00976%,73.03,4.68 K ⧌,,,,,,,,,,,Death Wave - Quantity,1.02%,0,,,,Coins,Lvl 1,x1.15,,TRUE,,,Coins Mastery,0,2,9,x1.03,,,,,,,,,12,1,0,0,0,0,0,2,0,0,0,0,,,,x7.46,x1.000,x1.15,x8.67,100.00%,0.00s,x18.30,30s,190s,x1.00,x3.73,x2.00,,190s,x1.23,1.50,,190s,x1.03,1.00,,,x1.00,x1.48,6.09E+01,,6.19E+01,6.15E+01,6.15E+01,,6.15E+01,6.24E+01,6.66E+01,6.11E+01,,6.11E+01,6.14E+01,,4.51864%,4.26869%,0.96064%,,,0.57123%,1.46403%,3.96673%,0.36735%,,0.19886%,0.09524%,,1,,,,,,,,,,,
,,,8:34:00,,Coins / Kill Bonus,lvl 13,0d  8h 34m,4.51864%,62,5d  7h  4m,,GT | Duration,36s,263⧌,0.00927%,74.81,4.94 K ⧌,,,,,,,,,,,Death Wave - Cooldown,0.10%,0,,,,Coins Mastery,Lvl 0,x1.03,0.0024%,FALSE,,,,,,,,,,,,,,,,13,1,0,0,0,0,0,2,0,0,0,0,,,,x7.58,x1.000,x1.15,x8.81,100.00%,0.00s,x18.30,30s,190s,x1.00,x3.73,x2.00,,190s,x1.23,1.50,,190s,x1.03,1.00,,,x1.00,x1.48,6.19E+01,,6.29E+01,6.25E+01,6.25E+01,,6.25E+01,6.34E+01,6.77E+01,6.21E+01,,6.21E+01,6.24E+01,,3.71661%,4.26869%,0.96064%,,,0.57123%,1.46403%,3.96673%,0.36735%,,0.19886%,0.09524%,,,1,,,,,,,,,,
,,,5:34:00,,Standard Perks Bonus,lvl 2,0d  5h 34m,4.26869%,63,5d 12h 38m,,GT BH DW | Cooldown,130s,750⧌,0.00924%,79.99,5.69 K ⧌,,,,,,,,,,,Black Hole - Duration,-,0,,,,Free Upgrades,Lvl 1,4%,,TRUE,,,,,,,,,,,,,,,,13,2,0,0,0,0,0,2,0,0,0,0,,,,x7.65,x1.000,x1.15,x8.90,100.00%,0.00s,x18.30,30s,190s,x1.00,x3.73,x2.00,,190s,x1.23,1.50,,190s,x1.03,1.00,,,x1.00,x1.48,6.25E+01,,6.35E+01,6.31E+01,6.31E+01,,6.31E+01,6.40E+01,6.84E+01,6.27E+01,,6.27E+01,6.30E+01,,3.71661%,2.43828%,0.96064%,,,0.57123%,1.46403%,3.96673%,0.36735%,,0.19886%,0.09524%,,,,,,,,,1,,,,
,,,56:53:00,,Black Hole Coin Bonus,lvl 3,2d  8h 53m,3.96673%,68,7d 21h 31m,,GT | Bonus,lvl 16,500⧌,0.00892%,83.56,6.19 K ⧌,,,,,,,,,,,Black Hole - Cooldown,-,0,,,,Wave Skip,Lvl 1,9%,,TRUE,,,,,,,,,,,,,,,,13,2,0,0,0,0,0,3,0,0,0,0,,,,x7.65,x1.000,x1.15,x8.90,100.00%,0.00s,x18.30,30s,190s,x1.00,x3.73,x2.50,,190s,x1.35,1.50,,190s,x1.03,1.00,,,x1.00,x1.48,6.84E+01,,6.95E+01,6.91E+01,6.91E+01,,6.90E+01,7.01E+01,7.43E+01,6.86E+01,,6.86E+01,6.89E+01,,3.71661%,2.43828%,0.96064%,,,0.57123%,1.46403%,3.12974%,0.36735%,,0.19886%,0.09524%,,1,,,,,,,,,,,
,,,10:15:00,,Coins / Kill Bonus,lvl 14,0d 10h 15m,3.71661%,69,8d  7h 46m,,GT BH DW | Cooldown,120s,892⧌,0.00858%,89.96,7.08 K ⧌,,,,,,,,,,,,,,,,,Package Chance,Lvl 1,15%,,TRUE,,,,,,,,,,,,,,,,14,2,0,0,0,0,0,3,0,0,0,0,,,,x7.77,x1.000,x1.15,x9.04,100.00%,0.00s,x18.30,30s,190s,x1.00,x3.73,x2.50,,190s,x1.35,1.50,,190s,x1.03,1.00,,,x1.00,x1.48,6.95E+01,,7.06E+01,7.02E+01,7.02E+01,,7.01E+01,7.12E+01,7.55E+01,6.97E+01,,6.97E+01,7.00E+01,,3.09491%,2.43828%,0.96064%,,,0.57123%,1.46403%,3.12974%,0.36735%,,0.19886%,0.09524%,,,,,,,,,1,,,,
,,,65:54:00,,Black Hole Coin Bonus,lvl 4,2d 17h 54m,3.12974%,75,11d  1h 40m,,GT | Duration,37s,285⧌,0.00858%,92.16,7.37 K ⧌,,,,,,,,,,,,,Total Value,Base Value,Math Value,,Wave Accelerator,Lvl 1,30%,,TRUE,,,,,,,,,,,,,,,,14,2,0,0,0,0,0,4,0,0,0,0,,,,x7.77,x1.000,x1.15,x9.04,100.00%,0.00s,x18.30,30s,190s,x1.00,x3.73,x3.00,,190s,x1.46,1.50,,190s,x1.03,1.00,,,x1.00,x1.48,7.55E+01,,7.66E+01,7.62E+01,7.62E+01,,7.62E+01,7.73E+01,8.14E+01,7.57E+01,,7.57E+01,7.61E+01,,3.09491%,2.43828%,0.96064%,,,0.57123%,1.46403%,2.50510%,0.36735%,,0.19886%,0.09524%,,1,,,,,,,,,,,
,,,12:07:00,,Coins / Kill Bonus,lvl 15,0d 12h  7m,3.09491%,77,11d 13h 47m,,GT | Duration,38s,308⧌,0.00775%,94.36,7.67 K ⧌,,,,,,,,,,,Coins / Kill Bonus,,x5.95,1.89,5.95,,,,,,,,,,,,,,,,,,,,,,15,2,0,0,0,0,0,4,0,0,0,0,,,,x7.89,x1.000,x1.15,x9.18,100.00%,0.00s,x18.30,30s,190s,x1.00,x3.73,x3.00,,190s,x1.46,1.50,,190s,x1.03,1.00,,,x1.00,x1.48,7.66E+01,,7.78E+01,7.74E+01,7.74E+01,,7.74E+01,7.85E+01,8.27E+01,7.69E+01,,7.69E+01,7.72E+01,,2.60633%,2.43828%,0.96064%,,,0.57123%,1.46403%,2.50510%,0.36735%,,0.19886%,0.09524%,,1,,,,,,,,,,,
,,,14:10:00,,Coins / Kill Bonus,lvl 16,0d 14h 10m,2.60633%,78,12d  3h 57m,,GT BH DW | Cooldown,110s,1144⧌,0.00745%,102.40,8.82 K ⧌,,,,,,,,,,,Free Attack Upgrade,,54.00%,29.00%,54.00%,,,Coin Bonus,UW Stats (Final),,Uptime,,,,,,,,,,,,,,,,16,2,0,0,0,0,0,4,0,0,0,0,,,,x8.02,x1.000,x1.15,x9.32,100.00%,0.00s,x18.30,30s,190s,x1.00,x3.73,x3.00,,190s,x1.46,1.50,,190s,x1.03,1.00,,,x1.00,x1.48,7.78E+01,,7.90E+01,7.86E+01,7.86E+01,,7.86E+01,7.97E+01,8.40E+01,7.80E+01,,7.81E+01,7.84E+01,,2.21504%,2.43828%,0.96064%,,,0.57123%,1.46403%,2.50510%,0.36735%,,0.19886%,0.09524%,,,,,,,,,1,,,,
,,,75:49:00,,Black Hole Coin Bonus,lvl 5,3d  3h 49m,2.50510%,84,15d  7h 46m,,GT | Duration,39s,332⧌,0.00709%,104.81,9.15 K ⧌,,,,,,,,,,,Free Defense Upgrade,,54.00%,29.00%,54.00%,,Golden Tower,x18.3,30s,190s,16%,,,,,,,,,,,,,,,,16,2,0,0,0,0,0,5,0,0,0,0,,,,x8.02,x1.000,x1.15,x9.32,100.00%,0.00s,x18.30,30s,190s,x1.00,x3.73,x3.50,,190s,x1.58,1.50,,190s,x1.03,1.00,,,x1.00,x1.48,8.40E+01,,8.52E+01,8.48E+01,8.48E+01,,8.48E+01,8.60E+01,9.01E+01,8.42E+01,,8.42E+01,8.46E+01,,2.21504%,2.43828%,0.96064%,,,0.57123%,1.46403%,2.02067%,0.36735%,,0.19886%,0.09524%,,,1,,,,,,,,,,
,,,9:39:00,,Standard Perks Bonus,lvl 3,0d  9h 39m,2.43828%,85,15d 17h 25m,,GT | Duration,40s,356⧌,0.00646%,107.22,9.51 K ⧌,,,,,,,,,,,Free Utility Upgrade,,56.00%,31.00%,56.00%,,Black Hole  ⚠️,x1.0,44s,190s,23%,,,,,,,,,,,,,,,,16,3,0,0,0,0,0,5,0,0,0,0,,,,x8.09,x1.000,x1.15,x9.41,100.00%,0.00s,x18.30,30s,190s,x1.00,x3.73,x3.50,,190s,x1.58,1.50,,190s,x1.03,1.00,,,x1.00,x1.48,8.48E+01,,8.61E+01,8.56E+01,8.56E+01,,8.56E+01,8.69E+01,9.10E+01,8.51E+01,,8.51E+01,8.55E+01,,2.21504%,1.63707%,0.96064%,,,0.57123%,1.46403%,2.02067%,0.36735%,,0.19886%,0.09524%,,1,,,,,,,,,,,
,,,16:25:00,,Coins / Kill Bonus,lvl 17,0d 16h 25m,2.21504%,86,16d  9h 50m,,GT | Bonus,lvl 17,700⧌,0.00629%,111.94,10.21 K ⧌,,,,,,,,,,,Recovery Package Chance,,37.00%,37.00%,37.00%,,Death Wave,x1.50,3#,190s,6%,,,,,,,,,,,,,,,,17,3,0,0,0,0,0,5,0,0,0,0,,,,x8.22,x1.000,x1.15,x9.55,100.00%,0.00s,x18.30,30s,190s,x1.00,x3.73,x3.50,,190s,x1.58,1.50,,190s,x1.03,1.00,,,x1.00,x1.48,8.61E+01,,8.74E+01,8.69E+01,8.69E+01,,8.69E+01,8.82E+01,9.24E+01,8.63E+01,,8.64E+01,8.68E+01,,1.89863%,1.63707%,0.96064%,,,0.57123%,1.46403%,2.02067%,0.36735%,,0.19886%,0.09524%,,,,,,,,,1,,,,
,,,87:06:00,,Black Hole Coin Bonus,lvl 6,3d 15h  6m,2.02067%,92,20d  0h 56m,,GT BH DW | Cooldown,100s,1556⧌,0.00617%,122.68,11.76 K ⧌,,,,,,,,,,,Package After Boss,,,,43.30%,,Spotlight,,,,,,,,,,,,,,,,,,,,17,3,0,0,0,0,0,6,0,0,0,0,,,,x8.22,x1.000,x1.15,x9.55,100.00%,0.00s,x18.30,30s,190s,x1.00,x3.73,x4.00,,190s,x1.69,1.50,,190s,x1.03,1.00,,,x1.00,x1.48,9.24E+01,,9.38E+01,9.33E+01,9.33E+01,,9.33E+01,9.46E+01,9.87E+01,9.27E+01,,9.27E+01,9.31E+01,,1.89863%,1.63707%,0.96064%,,,0.57123%,1.46403%,1.63512%,0.36735%,,0.19886%,0.09524%,,1,,,,,,,,,,,
,,,18:52:00,,Coins / Kill Bonus,lvl 18,0d 18h 52m,1.89863%,94,20d 19h 48m,,GT | Duration,41s,380⧌,0.00600%,125.48,12.14 K ⧌,,,,,,,,,,,Standard Perk Bonus,,,,,,Golden Bot,x3.40,20.5s,102s,20%,,,,,,,,,,,,,,,,18,3,0,0,0,0,0,6,0,0,0,0,,,,x8.34,x1.000,x1.15,x9.70,100.00%,0.00s,x18.30,30s,190s,x1.00,x3.73,x4.00,,190s,x1.69,1.50,,190s,x1.03,1.00,,,x1.00,x1.48,9.38E+01,,9.51E+01,9.47E+01,9.47E+01,,9.47E+01,9.61E+01,1.00E+02,9.41E+01,,9.41E+01,9.45E+01,,1.64032%,1.63707%,0.96064%,,,0.57123%,1.46403%,1.63512%,0.36735%,,0.19886%,0.09524%,,1,,,,,,,,,,,
,,,21:31:00,,Coins / Kill Bonus,lvl 19,0d 21h 31m,1.64032%,95,21d 17h 19m,,GT | Duration,42s,404⧌,0.00551%,128.27,12.55 K ⧌,,,,,,,,,,,Improved Trade-Off Perks,,,,,,,,,,,,,,,,,,,,,,,,,,19,3,0,0,0,0,0,6,0,0,0,0,,,,x8.46,x1.000,x1.15,x9.84,100.00%,0.00s,x18.30,30s,190s,x1.00,x3.73,x4.00,,190s,x1.69,1.50,,190s,x1.03,1.00,,,x1.00,x1.48,9.51E+01,,9.65E+01,9.61E+01,9.61E+01,,9.61E+01,9.75E+01,1.02E+02,9.54E+01,,9.55E+01,9.59E+01,,1.42747%,1.63707%,0.96064%,,,0.57123%,1.46403%,1.63512%,0.36735%,,0.19886%,0.09524%,,,1,,,,,,,,,,
,,,14:14:00,,Standard Perks Bonus,lvl 4,0d 14h 14m,1.63707%,96,22d  7h 33m,,GT | Duration,43s,428⧌,0.00509%,131.07,12.97 K ⧌,,,,,,,,,,,Golden Tower Bonus,,,,,,,,,,,,,,,,,,,,,,,,,,19,4,0,0,0,0,0,6,0,0,0,0,,,,x8.54,x1.000,x1.15,x9.93,100.00%,0.00s,x18.30,30s,190s,x1.00,x3.73,x4.00,,190s,x1.69,1.50,,190s,x1.03,1.00,,,x1.00,x1.48,9.61E+01,,9.75E+01,9.70E+01,9.70E+01,,9.70E+01,9.84E+01,1.03E+02,9.64E+01,,9.64E+01,9.68E+01,,1.42747%,1.17142%,0.96064%,,,0.57123%,1.46403%,1.63512%,0.36735%,,0.19886%,0.09524%,,,,,,,,,1,,,,
,,,100:17:00,,Black Hole Coin Bonus,lvl 7,4d  4h 17m,1.63512%,103,26d 11h 50m,,GT | Duration,44s,452⧌,0.00472%,133.86,13.43 K ⧌,,,,,,,,,,,Golden Tower Duration,,,,,,,,,,,,,,,,,,,,,,,,,,19,4,0,0,0,0,0,7,0,0,0,0,,,,x8.54,x1.000,x1.15,x9.93,100.00%,0.00s,x18.30,30s,190s,x1.00,x3.73,x4.50,,190s,x1.81,1.50,,190s,x1.03,1.00,,,x1.00,x1.48,1.03E+02,,1.04E+02,1.04E+02,1.04E+02,,1.04E+02,1.05E+02,1.09E+02,1.03E+02,,1.03E+02,1.03E+02,,1.42747%,1.17142%,0.96064%,,,0.57123%,1.46403%,1.32356%,0.36735%,,0.19886%,0.09524%,,,,,,,,1,,,,,
,,,40:00:00,,Golden Tower Duration,lvl 1,1d 16h  0m,1.46403%,105,28d  3h 50m,,GT | Bonus,lvl 18,950⧌,0.00452%,139.61,14.38 K ⧌,,,,,,,,,,,Black Hole Coin Bonus,,,,,,,,,,,,,,,,,,,,,,,,,,19,4,0,0,0,0,1,7,0,0,0,0,,,,x8.54,x1.000,x1.15,x9.93,100.00%,0.00s,x18.30,31s,190s,x1.00,x3.82,x4.50,,190s,x1.81,1.50,,190s,x1.03,1.00,,,x1.00,x1.48,1.05E+02,,1.07E+02,1.06E+02,1.06E+02,,1.06E+02,1.08E+02,1.12E+02,1.05E+02,,1.05E+02,1.06E+02,,1.42747%,1.17142%,0.96064%,,,0.57621%,1.18235%,1.32356%,0.36735%,,0.19886%,0.09524%,,1,,,,,,,,,,,
,,,24:22:00,,Coins / Kill Bonus,lvl 20,1d  0h 22m,1.42747%,107,29d  4h 12m,,DW | Quantity,lvl 3,500⧌,0.00377%,142.24,14.88 K ⧌,,,,,,,,,,,Death Wave Coin Bonus,,,,,,,,,,,,,,,,,,,,,,,,,,20,4,0,0,0,0,1,7,0,0,0,0,,,,x8.67,x1.000,x1.15,x10.08,100.00%,0.00s,x18.30,31s,190s,x1.00,x3.82,x4.50,,190s,x1.81,1.50,,190s,x1.03,1.00,,,x1.00,x1.48,1.07E+02,,1.08E+02,1.08E+02,1.08E+02,,1.08E+02,1.09E+02,1.13E+02,1.07E+02,,1.07E+02,1.08E+02,,1.24902%,1.17142%,0.96064%,,,0.57621%,1.18235%,1.32356%,0.36735%,,0.19886%,0.09524%,,,,,,,,,1,,,,
,,,115:58:00,,Black Hole Coin Bonus,lvl 8,4d 19h 58m,1.32356%,113,34d  0h 10m,,GT | Bonus,lvl 19,1250⧌,0.00329%,148.09,16.13 K ⧌,,,,,,,,,,,Spotlight Coin Bonus,,,,,,,,,,,,,,,,,,,,,,,,,,20,4,0,0,0,0,1,8,0,0,0,0,,,,x8.67,x1.000,x1.15,x10.08,100.00%,0.00s,x18.30,31s,190s,x1.00,x3.82,x5.00,,190s,x1.93,1.50,,190s,x1.03,1.00,,,x1.00,x1.48,1.13E+02,,1.15E+02,1.15E+02,1.15E+02,,1.15E+02,1.16E+02,1.20E+02,1.14E+02,,1.14E+02,1.14E+02,,1.24902%,1.17142%,0.96064%,,,0.57621%,1.18235%,1.07006%,0.36735%,,0.19886%,0.09524%,,1,,,,,,,,,,,
,,,27:27:00,,Coins / Kill Bonus,lvl 21,1d  3h 27m,1.24902%,115,35d  3h 37m,,GT | Duration,45s,784⧌,0.00268%,151.21,16.91 K ⧌,,,,,,,,,,,Gold Bot - Cooldown,TRUE,,,,,,,,,,,,,,,,,,,,,,,,,21,4,0,0,0,0,1,8,0,0,0,0,,,,x8.79,x1.000,x1.15,x10.22,100.00%,0.00s,x18.30,31s,190s,x1.00,x3.82,x5.00,,190s,x1.93,1.50,,190s,x1.03,1.00,,,x1.00,x1.48,1.15E+02,,1.17E+02,1.16E+02,1.16E+02,,1.16E+02,1.18E+02,1.22E+02,1.15E+02,,1.15E+02,1.16E+02,,1.09987%,1.17142%,0.96064%,,,0.57621%,1.18235%,1.07006%,0.36735%,,0.19886%,0.09524%,,,,,,,,1,,,,,
,,,48:21:00,,Golden Tower Duration,lvl 2,2d  0h 21m,1.18235%,118,37d  3h 58m,,GT | Bonus,lvl 20,1600⧌,0.00247%,157.19,18.51 K ⧌,,,,,,,,,,,Gold Bot - Duration,,,,,,,,,,,,,,,,,,,,,,,,,,21,4,0,0,0,0,2,8,0,0,0,0,,,,x8.79,x1.000,x1.15,x10.22,100.00%,0.00s,x18.30,32s,190s,x1.00,x3.91,x5.00,,190s,x1.93,1.50,,190s,x1.03,1.00,,,x1.00,x1.48,1.18E+02,,1.20E+02,1.19E+02,1.19E+02,,1.19E+02,1.21E+02,1.25E+02,1.18E+02,,1.18E+02,1.19E+02,,1.09987%,1.17142%,0.96064%,,,0.58096%,0.98160%,1.07006%,0.36735%,,0.19886%,0.09524%,,,1,,,,,,,,,,
,,,19:42:00,,Standard Perks Bonus,lvl 5,0d 19h 42m,1.17142%,119,37d 23h 40m,,GT | Duration,46s,947⧌,0.00218%,160.44,19.46 K ⧌,,,,,,,,,,,,,,,,,,,,,,,,,,,,,,,,,,,,,21,5,0,0,0,0,2,8,0,0,0,0,,,,x8.88,x1.000,x1.15,x10.32,100.00%,0.00s,x18.30,32s,190s,x1.00,x3.91,x5.00,,190s,x1.93,1.50,,190s,x1.03,1.00,,,x1.00,x1.48,1.19E+02,,1.21E+02,1.20E+02,1.20E+02,,1.20E+02,1.22E+02,1.26E+02,1.19E+02,,1.19E+02,1.20E+02,,1.09987%,0.86145%,0.96064%,,,0.58096%,0.98160%,1.07006%,0.36735%,,0.19886%,0.09524%,,1,,,,,,,,,,,
,,,30:44:00,,Coins / Kill Bonus,lvl 22,1d  6h 44m,1.09987%,121,39d  6h 24m,,DW | Quantity,lvl 4,850⧌,0.00218%,163.41,20.31 K ⧌,,,,,,,,,,,,,,,,,,,,,,,,,,,,,,,,,,,,,22,5,0,0,0,0,2,8,0,0,0,0,,,,x9.00,x1.000,x1.15,x10.47,100.00%,0.00s,x18.30,32s,190s,x1.00,x3.91,x5.00,,190s,x1.93,1.50,,190s,x1.03,1.00,,,x1.00,x1.48,1.21E+02,,1.22E+02,1.22E+02,1.22E+02,,1.22E+02,1.23E+02,1.28E+02,1.21E+02,,1.21E+02,1.22E+02,,0.97371%,0.86145%,0.96064%,,,0.58096%,0.98160%,1.07006%,0.36735%,,0.19886%,0.09524%,,,,,,,,,1,,,,
,,,134:49:00,,Black Hole Coin Bonus,lvl 9,5d 14h 49m,1.07006%,128,44d 21h 13m,,GT | Bonus,lvl 21,2000⧌,0.00191%,169.64,22.31 K ⧌,,,,,,,,,,,,,,,,,,,,,,,,,,,,,,,,,,,,,22,5,0,0,0,0,2,9,0,0,0,0,,,,x9.00,x1.000,x1.15,x10.47,100.00%,0.00s,x18.30,32s,190s,x1.00,x3.91,x5.50,,190s,x2.04,1.50,,190s,x1.03,1.00,,,x1.00,x1.48,1.28E+02,,1.30E+02,1.29E+02,1.29E+02,,1.29E+02,1.31E+02,1.35E+02,1.28E+02,,1.28E+02,1.29E+02,,0.97371%,0.86145%,0.96064%,,,0.58096%,0.98160%,0.86392%,0.36735%,,0.19886%,0.09524%,,,,,,,,1,,,,,
,,,56:53:00,,Golden Tower Duration,lvl 3,2d  8h 53m,0.98160%,131,47d  6h  6m,,GT | Duration,47s,1165⧌,0.00174%,173.08,23.47 K ⧌,,,,,,,,,,,,,,,,,,,,,,,,,,,,,,,,,,,,,22,5,0,0,0,0,3,9,0,0,0,0,,,,x9.00,x1.000,x1.15,x10.47,100.00%,0.00s,x18.30,33s,190s,x1.00,x4.00,x5.50,,190s,x2.04,1.50,,190s,x1.03,1.00,,,x1.00,x1.48,1.31E+02,,1.33E+02,1.32E+02,1.32E+02,,1.32E+02,1.34E+02,1.38E+02,1.31E+02,,1.31E+02,1.32E+02,,0.97371%,0.86145%,0.96064%,,,0.58549%,0.82803%,0.86392%,0.36735%,,0.19886%,0.09524%,,1,,,,,,,,,,,
,,,34:14:00,,Coins / Kill Bonus,lvl 23,1d 10h 14m,0.97371%,133,48d 16h 20m,,GT | Duration,48s,1438⧌,0.00138%,176.52,24.91 K ⧌,,,,,,,,,,,,,,,,,,,,,,,,,,,,,,,,,,,,,23,5,0,0,0,0,3,9,0,0,0,0,,,,x9.13,x1.000,x1.15,x10.61,100.00%,0.00s,x18.30,33s,190s,x1.00,x4.00,x5.50,,190s,x2.04,1.50,,190s,x1.03,1.00,,,x1.00,x1.48,1.33E+02,,1.35E+02,1.34E+02,1.34E+02,,1.34E+02,1.36E+02,1.40E+02,1.33E+02,,1.33E+02,1.34E+02,,0.86594%,0.86145%,0.96064%,,,0.58549%,0.82803%,0.86392%,0.36735%,,0.19886%,0.09524%,,,,1,,,,,,,,,
,,,24:59:00,,Improve Trade-off Perks,lvl 1,1d  0h 59m,0.96064%,134,49d 17h 19m,,DW | Quantity,lvl 5,1400⧌,0.00130%,179.73,26.31 K ⧌,,,,,,,,,,,,,,,,,,,,,,,,,,,,,,,,,,,,,23,5,1,0,0,0,3,9,0,0,0,0,,,,x9.22,x1.000,x1.15,x10.72,100.00%,0.00s,x18.30,33s,190s,x1.00,x4.00,x5.50,,190s,x2.04,1.50,,190s,x1.03,1.00,,,x1.00,x1.48,1.34E+02,,1.36E+02,1.35E+02,1.35E+02,,1.35E+02,1.37E+02,1.42E+02,1.34E+02,,1.34E+02,1.35E+02,,0.86594%,0.86145%,0.61086%,,,0.58549%,0.82803%,0.86392%,0.36735%,,0.19886%,0.09524%,,1,,,,,,,,,,,
,,,37:58:00,,Coins / Kill Bonus,lvl 24,1d 13h 58m,0.86594%,136,51d  7h 17m,,GT | Duration,49s,1766⧌,0.00110%,183.24,28.08 K ⧌,,,,,,,,,,,,,,,,,,,,,,,,,,,,,,,,,,,,,24,5,1,0,0,0,3,9,0,0,0,0,,,,x9.34,x1.000,x1.15,x10.86,100.00%,0.00s,x18.30,33s,190s,x1.00,x4.00,x5.50,,190s,x2.04,1.50,,190s,x1.03,1.00,,,x1.00,x1.48,1.36E+02,,1.38E+02,1.37E+02,1.37E+02,,1.37E+02,1.39E+02,1.44E+02,1.36E+02,,1.36E+02,1.37E+02,,0.77343%,0.86145%,0.61086%,,,0.58549%,0.82803%,0.86392%,0.36735%,,0.19886%,0.09524%,,,,,,,,,1,,,,
,,,157:31:00,,Black Hole Coin Bonus,lvl 10,6d 13h 31m,0.86392%,144,57d 20h 48m,,GT | Duration,50s,2149⧌,0.00089%,186.74,30.23 K ⧌,,,,,,,,,,,,,,,,,,,,,,,,,,,,,,,,,,,,,24,5,1,0,0,0,3,10,0,0,0,0,,,,x9.34,x1.000,x1.15,x10.86,100.00%,0.00s,x18.30,33s,190s,x1.00,x4.00,x6.00,,190s,x2.16,1.50,,190s,x1.03,1.00,,,x1.00,x1.48,1.44E+02,,1.46E+02,1.45E+02,1.45E+02,,1.45E+02,1.47E+02,1.51E+02,1.44E+02,,1.44E+02,1.45E+02,,0.77343%,0.86145%,0.61086%,,,0.58549%,0.82803%,0.69680%,0.36735%,,0.19886%,0.09524%,,,1,,,,,,,,,,
,,,26:32:00,,Standard Perks Bonus,lvl 6,1d  2h 32m,0.86145%,145,58d 23h 20m,,GT | Duration,lvl 37,1250⧌,0.00150%,190.25,31.48 K ⧌,,,,,,,,,,,,,,,,,,,,,,,,,,,,,,,,,,,,,24,6,1,0,0,0,3,10,0,0,0,0,,,,x9.43,x1.000,x1.15,x10.97,100.00%,0.00s,x18.30,33s,190s,x1.00,x4.00,x6.00,,190s,x2.16,1.50,,190s,x1.03,1.00,,,x1.00,x1.48,1.45E+02,,1.47E+02,1.46E+02,1.46E+02,,1.46E+02,1.48E+02,1.53E+02,1.45E+02,,1.45E+02,1.46E+02,,0.77343%,0.64171%,0.61086%,,,0.58549%,0.82803%,0.69680%,0.36735%,,0.19886%,0.09524%,,,,,,,,1,,,,,
,,,65:54:00,,Golden Tower Duration,lvl 4,2d 17h 54m,0.82803%,148,61d 17h 14m,,GT | Duration,lvl 38,1484⧌,0.00124%,193.75,32.96 K ⧌,,,,,,,,,,,,,,,,,,,,,,,,,,,,,,,,,,,,,24,6,1,0,0,0,4,10,0,0,0,0,,,,x9.43,x1.000,x1.15,x10.97,100.00%,0.00s,x18.30,34s,190s,x1.00,x4.10,x6.00,,190s,x2.16,1.50,,190s,x1.03,1.00,,,x1.00,x1.48,1.48E+02,,1.50E+02,1.50E+02,1.50E+02,,1.50E+02,1.52E+02,1.56E+02,1.49E+02,,1.49E+02,1.49E+02,,0.77343%,0.64171%,0.61086%,,,0.58982%,0.70372%,0.69680%,0.36735%,,0.19886%,0.09524%,,1,,,,,,,,,,,
,,,41:56:00,,Coins / Kill Bonus,lvl 25,1d 17h 56m,0.77343%,150,63d 11h 10m,,GT | Duration,lvl 39,1748⧌,0.00103%,197.26,34.71 K ⧌,,,,,,,,,,,,,,,,,,,,,,,,,,,,,,,,,,,,,25,6,1,0,0,0,4,10,0,0,0,0,,,,x9.56,x1.000,x1.15,x11.12,100.00%,0.00s,x18.30,34s,190s,x1.00,x4.10,x6.00,,190s,x2.16,1.50,,190s,x1.03,1.00,,,x1.00,x1.48,1.50E+02,,1.52E+02,1.52E+02,1.52E+02,,1.52E+02,1.54E+02,1.58E+02,1.51E+02,,1.51E+02,1.51E+02,,0.69389%,0.64171%,0.61086%,,,0.58982%,0.70372%,0.69680%,0.36735%,,0.19886%,0.09524%,,,,,,,,1,,,,,
,,,75:49:00,,Golden Tower Duration,lvl 5,3d  3h 49m,0.70372%,154,66d 14h 59m,,,,,,,,,,,,,,,,,,,,,,,,,,,,,,,,,,,,,,,,,,,,25,6,1,0,0,0,5,10,0,0,0,0,,,,x9.56,x1.000,x1.15,x11.12,100.00%,0.00s,x18.30,35s,190s,x1.00,x4.19,x6.00,,190s,x2.16,1.50,,190s,x1.03,1.00,,,x1.00,x1.48,1.54E+02,,1.56E+02,1.55E+02,1.55E+02,,1.55E+02,1.57E+02,1.62E+02,1.54E+02,,1.54E+02,1.55E+02,,0.69389%,0.64171%,0.61086%,,,0.59397%,0.59924%,0.69680%,0.36735%,,0.19886%,0.09524%,,,,,,,,,1,,,,
,,,184:49:00,,Black Hole Coin Bonus,lvl 11,7d 16h 49m,0.69680%,162,74d  7h 48m,,,,,,,,,,,,,,,,,,,,,,,,,,,,,,,,,,,,,,,,,,,,25,6,1,0,0,0,5,11,0,0,0,0,,,,x9.56,x1.000,x1.15,x11.12,100.00%,0.00s,x18.30,35s,190s,x1.00,x4.19,x6.50,,190s,x2.27,1.50,,190s,x1.03,1.00,,,x1.00,x1.48,1.62E+02,,1.64E+02,1.63E+02,1.63E+02,,1.63E+02,1.65E+02,1.70E+02,1.62E+02,,1.62E+02,1.63E+02,,0.69389%,0.64171%,0.61086%,,,0.59397%,0.59924%,0.56194%,0.36735%,,0.19886%,0.09524%,,1,,,,,,,,,,,
,,,46:07:00,,Coins / Kill Bonus,lvl 26,1d 22h  7m,0.69389%,164,76d  5h 55m,,,,,,,,,,,,,,,,,,,,,,,,,,,,,,,,,,,,,,,,,,,,26,6,1,0,0,0,5,11,0,0,0,0,,,,x9.69,x1.000,x1.15,x11.26,100.00%,0.00s,x18.30,35s,190s,x1.00,x4.19,x6.50,,190s,x2.27,1.50,,190s,x1.03,1.00,,,x1.00,x1.48,1.64E+02,,1.66E+02,1.66E+02,1.66E+02,,1.66E+02,1.68E+02,1.72E+02,1.64E+02,,1.64E+02,1.65E+02,,0.62471%,0.64171%,0.61086%,,,0.59397%,0.59924%,0.56194%,0.36735%,,0.19886%,0.09524%,,,1,,,,,,,,,,
,,,35:17:00,,Standard Perks Bonus,lvl 7,1d 11h 17m,0.64171%,166,77d 17h 12m,,,,,,,,,,,,,,,,,,,,,,,,,,,,,,,,,,,,,,,,,,,,26,7,1,0,0,0,5,11,0,0,0,0,,,,x9.78,x1.000,x1.15,x11.37,100.00%,0.00s,x18.30,35s,190s,x1.00,x4.19,x6.50,,190s,x2.27,1.50,,190s,x1.03,1.00,,,x1.00,x1.48,1.66E+02,,1.68E+02,1.67E+02,1.67E+02,,1.67E+02,1.69E+02,1.74E+02,1.66E+02,,1.66E+02,1.67E+02,,0.62471%,0.48202%,0.61086%,,,0.59397%,0.59924%,0.56194%,0.36735%,,0.19886%,0.09524%,,1,,,,,,,,,,,
,,,50:33:00,,Coins / Kill Bonus,lvl 27,2d  2h 33m,0.62471%,168,79d 19h 45m,,,,,,,,,,,,,,,,,,,,,,,,,,,,,,,,,,,,,,,,,,,,27,7,1,0,0,0,5,11,0,0,0,0,,,,x9.91,x1.000,x1.15,x11.52,100.00%,0.00s,x18.30,35s,190s,x1.00,x4.19,x6.50,,190s,x2.27,1.50,,190s,x1.03,1.00,,,x1.00,x1.48,1.68E+02,,1.70E+02,1.69E+02,1.69E+02,,1.69E+02,1.71E+02,1.76E+02,1.68E+02,,1.68E+02,1.69E+02,,0.56448%,0.48202%,0.61086%,,,0.59397%,0.59924%,0.56194%,0.36735%,,0.19886%,0.09524%,,,,1,,,,,,,,,
,,,38:54:00,,Improve Trade-off Perks,lvl 2,1d 14h 54m,0.61086%,169,81d 10h 39m,,,,,,,,,,,,,,,,,,,,,,,,,,,,,,,,,,,,,,,,,,,,27,7,2,0,0,0,5,11,0,0,0,0,,,,x10.01,x1.000,x1.15,x11.63,100.00%,0.00s,x18.30,35s,190s,x1.00,x4.19,x6.50,,190s,x2.27,1.50,,190s,x1.03,1.00,,,x1.00,x1.48,1.69E+02,,1.72E+02,1.71E+02,1.71E+02,,1.71E+02,1.73E+02,1.78E+02,1.70E+02,,1.70E+02,1.71E+02,,0.56448%,0.48202%,0.44395%,,,0.59397%,0.59924%,0.56194%,0.36735%,,0.19886%,0.09524%,,,,,,,,1,,,,,
,,,87:06:00,,Golden Tower Duration,lvl 6,3d 15h  6m,0.59924%,173,85d  1h 45m,,,,,,,,,,,,,,,,,,,,,,,,,,,,,,,,,,,,,,,,,,,,27,7,2,0,0,0,6,11,0,0,0,0,,,,x10.01,x1.000,x1.15,x11.63,100.00%,0.00s,x18.30,36s,190s,x1.00,x4.28,x6.50,,190s,x2.27,1.50,,190s,x1.03,1.00,,,x1.00,x1.48,1.73E+02,,1.75E+02,1.75E+02,1.75E+02,,1.75E+02,1.77E+02,1.82E+02,1.74E+02,,1.74E+02,1.74E+02,,0.56448%,0.48202%,0.44395%,,,0.59793%,0.50938%,0.56194%,0.36735%,,0.19886%,0.09524%,,,,,,,1,,,,,,
,,,40:00:00,,Golden Tower Bonus,lvl 1,1d 16h  0m,0.59793%,175,86d 17h 45m,,,,,,,,,,,,,,,,,,,,,,,,,,,,,,,,,,,,,,,,,,,,27,7,2,0,0,1,6,11,0,0,0,0,,,,x10.01,x1.000,x1.15,x11.63,100.00%,0.00s,x18.53,36s,190s,x1.00,x4.32,x6.50,,190s,x2.27,1.50,,190s,x1.03,1.00,,,x1.00,x1.48,1.75E+02,,1.77E+02,1.76E+02,1.76E+02,,1.76E+02,1.78E+02,1.84E+02,1.75E+02,,1.75E+02,1.76E+02,,0.56448%,0.48202%,0.44395%,,,0.48979%,0.51092%,0.56194%,0.36735%,,0.19886%,0.09524%,,1,,,,,,,,,,,
,,,55:13:00,,Coins / Kill Bonus,lvl 28,2d  7h 13m,0.56448%,177,89d  0h 58m,,,,,,,,,,,,,,,,,,,,,,,,,,,,,,,,,,,,,,,,,,,,28,7,2,0,0,1,6,11,0,0,0,0,,,,x10.14,x1.000,x1.15,x11.79,100.00%,0.00s,x18.53,36s,190s,x1.00,x4.32,x6.50,,190s,x2.27,1.50,,190s,x1.03,1.00,,,x1.00,x1.48,1.77E+02,,1.79E+02,1.79E+02,1.79E+02,,1.79E+02,1.81E+02,1.86E+02,1.78E+02,,1.78E+02,1.78E+02,,0.51168%,0.48202%,0.44395%,,,0.48979%,0.51092%,0.56194%,0.36735%,,0.19886%,0.09524%,,,,,,,,,1,,,,
,,,217:30:00,,Black Hole Coin Bonus,lvl 12,9d  1h 30m,0.56194%,186,98d  2h 28m,,,,,,,,,,,,,,,,,,,,,,,,,,,,,,,,,,,,,,,,,,,,28,7,2,0,0,1,6,12,0,0,0,0,,,,x10.14,x1.000,x1.15,x11.79,100.00%,0.00s,x18.53,36s,190s,x1.00,x4.32,x7.00,,190s,x2.39,1.50,,190s,x1.03,1.00,,,x1.00,x1.48,1.86E+02,,1.88E+02,1.88E+02,1.88E+02,,1.88E+02,1.90E+02,1.95E+02,1.87E+02,,1.87E+02,1.88E+02,,0.51168%,0.48202%,0.44395%,,,0.48979%,0.51092%,0.45362%,0.36735%,,0.19886%,0.09524%,,1,,,,,,,,,,,
,,,60:08:00,,Coins / Kill Bonus,lvl 29,2d 12h  8m,0.51168%,188,100d 14h 36m,,,,,,,,,,,,,,,,,,,,,,,,,,,,,,,,,,,,,,,,,,,,29,7,2,0,0,1,6,12,0,0,0,0,,,,x10.27,x1.000,x1.15,x11.94,100.00%,0.00s,x18.53,36s,190s,x1.00,x4.32,x7.00,,190s,x2.39,1.50,,190s,x1.03,1.00,,,x1.00,x1.48,1.88E+02,,1.91E+02,1.90E+02,1.90E+02,,1.90E+02,1.92E+02,1.98E+02,1.89E+02,,1.89E+02,1.90E+02,,0.46523%,0.48202%,0.44395%,,,0.48979%,0.51092%,0.45362%,0.36735%,,0.19886%,0.09524%,,,,,,,,1,,,,,
,,,100:17:00,,Golden Tower Duration,lvl 7,4d  4h 17m,0.51092%,192,104d 18h 53m,,,,,,,,,,,,,,,,,,,,,,,,,,,,,,,,,,,,,,,,,,,,29,7,2,0,0,1,7,12,0,0,0,0,,,,x10.27,x1.000,x1.15,x11.94,100.00%,0.00s,x18.53,37s,190s,x1.00,x4.41,x7.00,,190s,x2.39,1.50,,190s,x1.03,1.00,,,x1.00,x1.48,1.92E+02,,1.95E+02,1.94E+02,1.94E+02,,1.94E+02,1.96E+02,2.02E+02,1.93E+02,,1.93E+02,1.94E+02,,0.46523%,0.48202%,0.44395%,,,0.49287%,0.43259%,0.45362%,0.36735%,,0.19886%,0.09524%,,,,,,,1,,,,,,
,,,48:21:00,,Golden Tower Bonus,lvl 2,2d  0h 21m,0.49287%,194,106d 19h 14m,,,,,,,,,,,,,,,,,,,,,,,,,,,,,,,,,,,,,,,,,,,,29,7,2,0,0,2,7,12,0,0,0,0,,,,x10.27,x1.000,x1.15,x11.94,100.00%,0.00s,x18.75,37s,190s,x1.00,x4.46,x7.00,,190s,x2.39,1.50,,190s,x1.03,1.00,,,x1.00,x1.48,1.94E+02,,1.97E+02,1.96E+02,1.96E+02,,1.96E+02,1.98E+02,2.04E+02,1.95E+02,,1.95E+02,1.96E+02,,0.46523%,0.48202%,0.44395%,,,0.41482%,0.43383%,0.45362%,0.36735%,,0.19886%,0.09524%,,,1,,,,,,,,,,
,,,46:32:00,,Standard Perks Bonus,lvl 8,1d 22h 32m,0.48202%,196,108d 17h 46m,,,,,,,,,,,,,,,,,,,,,,,,,,,,,,,,,,,,,,,,,,,,29,8,2,0,0,2,7,12,0,0,0,0,,,,x10.36,x1.000,x1.15,x12.05,100.00%,0.00s,x18.75,37s,190s,x1.00,x4.46,x7.00,,190s,x2.39,1.50,,190s,x1.03,1.00,,,x1.00,x1.48,1.96E+02,,1.99E+02,1.98E+02,1.98E+02,,1.98E+02,2.00E+02,2.06E+02,1.97E+02,,1.97E+02,1.98E+02,,0.46523%,0.36470%,0.44395%,,,0.41482%,0.43383%,0.45362%,0.36735%,,0.19886%,0.09524%,,1,,,,,,,,,,,
,,,65:18:00,,Coins / Kill Bonus,lvl 30,2d 17h 18m,0.46523%,199,111d 11h  4m,,,,,,,,,,,,,,,,,,,,,,,,,,,,,,,,,,,,,,,,,,,,30,8,2,0,0,2,7,12,0,0,0,0,,,,x10.49,x1.000,x1.15,x12.20,100.00%,0.00s,x18.75,37s,190s,x1.00,x4.46,x7.00,,190s,x2.39,1.50,,190s,x1.03,1.00,,,x1.00,x1.48,1.99E+02,,2.01E+02,2.01E+02,2.01E+02,,2.01E+02,2.03E+02,2.08E+02,1.99E+02,,1.99E+02,2.00E+02,,0.42423%,0.36470%,0.44395%,,,0.41482%,0.43383%,0.45362%,0.36735%,,0.19886%,0.09524%,,,,,,,,,1,,,,
,,,256:23:00,,Black Hole Coin Bonus,lvl 13,10d 16h 23m,0.45362%,208,122d  3h 27m,,,,,,,,,,,,,,,,,,,,,,,,,,,,,,,,,,,,,,,,,,,,30,8,2,0,0,2,7,13,0,0,0,0,,,,x10.49,x1.000,x1.15,x12.20,100.00%,0.00s,x18.75,37s,190s,x1.00,x4.46,x7.50,,190s,x2.51,1.50,,190s,x1.03,1.00,,,x1.00,x1.48,2.08E+02,,2.11E+02,2.10E+02,2.10E+02,,2.10E+02,2.13E+02,2.18E+02,2.09E+02,,2.09E+02,2.10E+02,,0.42423%,0.36470%,0.44395%,,,0.41482%,0.43383%,0.36687%,0.36735%,,0.19886%,0.09524%,,,,1,,,,,,,,,
,,,53:00:00,,Improve Trade-off Perks,lvl 3,2d  5h  0m,0.44395%,210,124d  8h 27m,,,,,,,,,,,,,,,,,,,,,,,,,,,,,,,,,,,,,,,,,,,,30,8,3,0,0,2,7,13,0,0,0,0,,,,x10.60,x1.000,x1.15,x12.32,100.00%,0.00s,x18.75,37s,190s,x1.00,x4.46,x7.50,,190s,x2.51,1.50,,190s,x1.03,1.00,,,x1.00,x1.48,2.10E+02,,2.13E+02,2.12E+02,2.12E+02,,2.12E+02,2.15E+02,2.20E+02,2.11E+02,,2.11E+02,2.12E+02,,0.42423%,0.36470%,0.34435%,,,0.41482%,0.43383%,0.36687%,0.36735%,,0.19886%,0.09524%,,,,,,,,1,,,,,
,,,115:58:00,,Golden Tower Duration,lvl 8,4d 19h 58m,0.43383%,215,129d  4h 25m,,,,,,,,,,,,,,,,,,,,,,,,,,,,,,,,,,,,,,,,,,,,30,8,3,0,0,2,8,13,0,0,0,0,,,,x10.60,x1.000,x1.15,x12.32,100.00%,0.00s,x18.75,38s,190s,x1.00,x4.55,x7.50,,190s,x2.51,1.50,,190s,x1.03,1.00,,,x1.00,x1.48,2.15E+02,,2.17E+02,2.17E+02,2.17E+02,,2.17E+02,2.19E+02,2.25E+02,2.15E+02,,2.15E+02,2.16E+02,,0.42423%,0.36470%,0.34435%,,,0.41728%,0.36551%,0.36687%,0.36735%,,0.19886%,0.09524%,,1,,,,,,,,,,,
,,,70:43:00,,Coins / Kill Bonus,lvl 31,2d 22h 43m,0.42423%,217,132d  3h  8m,,,,,,,,,,,,,,,,,,,,,,,,,,,,,,,,,,,,,,,,,,,,31,8,3,0,0,2,8,13,0,0,0,0,,,,x10.73,x1.000,x1.15,x12.47,100.00%,0.00s,x18.75,38s,190s,x1.00,x4.55,x7.50,,190s,x2.51,1.50,,190s,x1.03,1.00,,,x1.00,x1.48,2.17E+02,,2.20E+02,2.19E+02,2.20E+02,,2.20E+02,2.22E+02,2.27E+02,2.18E+02,,2.18E+02,2.19E+02,,0.38791%,0.36470%,0.34435%,,,0.41728%,0.36551%,0.36687%,0.36735%,,0.19886%,0.09524%,,,,,,,1,,,,,,
,,,56:53:00,,Golden Tower Bonus,lvl 3,2d  8h 53m,0.41728%,220,134d 12h  1m,,,,,,,,,,,,,,,,,,,,,,,,,,,,,,,,,,,,,,,,,,,,31,8,3,0,0,3,8,13,0,0,0,0,,,,x10.73,x1.000,x1.15,x12.47,100.00%,0.00s,x18.98,38s,190s,x1.00,x4.60,x7.50,,190s,x2.51,1.50,,190s,x1.03,1.00,,,x1.00,x1.48,2.20E+02,,2.22E+02,2.22E+02,2.22E+02,,2.22E+02,2.24E+02,2.30E+02,2.20E+02,,2.20E+02,2.21E+02,,0.38791%,0.36470%,0.34435%,,,0.35666%,0.36652%,0.36687%,0.36735%,,0.19886%,0.09524%,,1,,,,,,,,,,,
,,,76:23:00,,Coins / Kill Bonus,lvl 32,3d  4h 23m,0.38791%,222,137d 16h 24m,,,,,,,,,,,,,,,,,,,,,,,,,,,,,,,,,,,,,,,,,,,,32,8,3,0,0,3,8,13,0,0,0,0,,,,x10.86,x1.000,x1.15,x12.63,100.00%,0.00s,x18.98,38s,190s,x1.00,x4.60,x7.50,,190s,x2.51,1.50,,190s,x1.03,1.00,,,x1.00,x1.48,2.22E+02,,2.25E+02,2.24E+02,2.24E+02,,2.24E+02,2.27E+02,2.33E+02,2.23E+02,,2.23E+02,2.24E+02,,0.35556%,0.36470%,0.34435%,,,0.35666%,0.36652%,0.36687%,0.36735%,,0.19886%,0.09524%,,,,,,,,,,1,,,
,,,20:00:00,,Death Wave Coin Bonus,lvl 1,0d 20h  0m,0.36735%,223,138d 12h 24m,,,,,,,,,,,,,,,,,,,,,,,,,,,,,,,,,,,,,,,,,,,,32,8,3,0,0,3,8,13,1,0,0,0,,,,x10.86,x1.000,x1.15,x12.63,100.00%,0.00s,x18.98,38s,190s,x1.00,x4.60,x7.50,,190s,x2.51,1.55,,190s,x1.03,1.00,,,x1.00,x1.48,2.23E+02,,2.26E+02,2.25E+02,2.25E+02,,2.25E+02,2.28E+02,2.33E+02,2.24E+02,,2.24E+02,2.25E+02,,0.35556%,0.36470%,0.34435%,,,0.35666%,0.36652%,0.36687%,0.25834%,,0.19886%,0.09524%,,,,,,,,,1,,,,
,,,302:21:00,,Black Hole Coin Bonus,lvl 14,12d 14h 21m,0.36687%,233,151d  2h 45m,,,,,,,,,,,,,,,,,,,,,,,,,,,,,,,,,,,,,,,,,,,,32,8,3,0,0,3,8,14,1,0,0,0,,,,x10.86,x1.000,x1.15,x12.63,100.00%,0.00s,x18.98,38s,190s,x1.00,x4.60,x8.00,,190s,x2.62,1.55,,190s,x1.03,1.00,,,x1.00,x1.48,2.33E+02,,2.36E+02,2.35E+02,2.36E+02,,2.36E+02,2.38E+02,2.44E+02,2.34E+02,,2.34E+02,2.35E+02,,0.35556%,0.36470%,0.34435%,,,0.35666%,0.36652%,0.29757%,0.25834%,,0.19886%,0.09524%,,,,,,,,1,,,,,
,,,134:49:00,,Golden Tower Duration,lvl 9,5d 14h 49m,0.36652%,238,156d 17h 34m,,,,,,,,,,,,,,,,,,,,,,,,,,,,,,,,,,,,,,,,,,,,32,8,3,0,0,3,9,14,1,0,0,0,,,,x10.86,x1.000,x1.15,x12.63,100.00%,0.00s,x18.98,39s,190s,x1.00,x4.69,x8.00,,190s,x2.62,1.55,,190s,x1.03,1.00,,,x1.00,x1.48,2.38E+02,,2.41E+02,2.40E+02,2.40E+02,,2.40E+02,2.43E+02,2.49E+02,2.39E+02,,2.39E+02,2.40E+02,,0.35556%,0.36470%,0.34435%,,,0.35866%,0.30737%,0.29757%,0.25834%,,0.19886%,0.09524%,,,1,,,,,,,,,,
,,,60:56:00,,Standard Perks Bonus,lvl 9,2d 12h 56m,0.36470%,240,159d  6h 30m,,,,,,,,,,,,,,,,,,,,,,,,,,,,,,,,,,,,,,,,,,,,32,9,3,0,0,3,9,14,1,0,0,0,,,,x10.96,x1.000,x1.15,x12.74,100.00%,0.00s,x18.98,39s,190s,x1.00,x4.69,x8.00,,190s,x2.62,1.55,,190s,x1.03,1.00,,,x1.00,x1.48,2.40E+02,,2.43E+02,2.42E+02,2.43E+02,,2.43E+02,2.45E+02,2.51E+02,2.41E+02,,2.41E+02,2.42E+02,,0.35556%,0.27807%,0.34435%,,,0.35866%,0.30737%,0.29757%,0.25834%,,0.19886%,0.09524%,,,,,,,1,,,,,,
,,,65:54:00,,Golden Tower Bonus,lvl 4,2d 17h 54m,0.35866%,243,162d  0h 24m,,,,,,,,,,,,,,,,,,,,,,,,,,,,,,,,,,,,,,,,,,,,32,9,3,0,0,4,9,14,1,0,0,0,,,,x10.96,x1.000,x1.15,x12.74,100.00%,0.00s,x19.20,39s,190s,x1.00,x4.74,x8.00,,190s,x2.62,1.55,,190s,x1.03,1.00,,,x1.00,x1.48,2.43E+02,,2.46E+02,2.45E+02,2.45E+02,,2.45E+02,2.48E+02,2.53E+02,2.43E+02,,2.43E+02,2.45E+02,,0.35556%,0.27807%,0.34435%,,,0.30871%,0.30818%,0.29757%,0.25834%,,0.19886%,0.09524%,,1,,,,,,,,,,,
,,,82:19:00,,Coins / Kill Bonus,lvl 33,3d 10h 19m,0.35556%,246,165d 10h 43m,,,,,,,,,,,,,,,,,,,,,,,,,,,,,,,,,,,,,,,,,,,,33,9,3,0,0,4,9,14,1,0,0,0,,,,x11.10,x1.000,x1.15,x12.90,100.00%,0.00s,x19.20,39s,190s,x1.00,x4.74,x8.00,,190s,x2.62,1.55,,190s,x1.03,1.00,,,x1.00,x1.48,2.46E+02,,2.49E+02,2.48E+02,2.48E+02,,2.48E+02,2.51E+02,2.56E+02,2.46E+02,,2.46E+02,2.48E+02,,0.32673%,0.27807%,0.34435%,,,0.30871%,0.30818%,0.29757%,0.25834%,,0.19886%,0.09524%,,,,1,,,,,,,,,
,,,67:40:00,,Improve Trade-off Perks,lvl 4,2d 19h 40m,0.34435%,248,168d  6h 23m,,,,,,,,,,,,,,,,,,,,,,,,,,,,,,,,,,,,,,,,,,,,33,9,4,0,0,4,9,14,1,0,0,0,,,,x11.20,x1.000,x1.15,x13.03,100.00%,0.00s,x19.20,39s,190s,x1.00,x4.74,x8.00,,190s,x2.62,1.55,,190s,x1.03,1.00,,,x1.00,x1.48,2.48E+02,,2.51E+02,2.50E+02,2.50E+02,,2.50E+02,2.53E+02,2.59E+02,2.49E+02,,2.49E+02,2.50E+02,,0.32673%,0.27807%,0.27670%,,,0.30871%,0.30818%,0.29757%,0.25834%,,0.19886%,0.09524%,,1,,,,,,,,,,,
,,,88:30:00,,Coins / Kill Bonus,lvl 34,3d 16h 30m,0.32673%,251,171d 22h 53m,,,,,,,,,,,,,,,,,,,,,,,,,,,,,,,,,,,,,,,,,,,,34,9,4,0,0,4,9,14,1,0,0,0,,,,x11.34,x1.000,x1.15,x13.18,100.00%,0.00s,x19.20,39s,190s,x1.00,x4.74,x8.00,,190s,x2.62,1.55,,190s,x1.03,1.00,,,x1.00,x1.48,2.51E+02,,2.54E+02,2.53E+02,2.53E+02,,2.53E+02,2.56E+02,2.62E+02,2.52E+02,,2.52E+02,2.53E+02,,0.30091%,0.27807%,0.27670%,,,0.30871%,0.30818%,0.29757%,0.25834%,,0.19886%,0.09524%,,,,,,,1,,,,,,
,,,75:49:00,,Golden Tower Bonus,lvl 5,3d  3h 49m,0.30871%,253,175d  2h 42m,,,,,,,,,,,,,,,,,,,,,,,,,,,,,,,,,,,,,,,,,,,,34,9,4,0,0,5,9,14,1,0,0,0,,,,x11.34,x1.000,x1.15,x13.18,100.00%,0.00s,x19.43,39s,190s,x1.00,x4.78,x8.00,,190s,x2.62,1.55,,190s,x1.03,1.00,,,x1.00,x1.48,2.53E+02,,2.56E+02,2.56E+02,2.56E+02,,2.56E+02,2.59E+02,2.65E+02,2.54E+02,,2.54E+02,2.55E+02,,0.30091%,0.27807%,0.27670%,,,0.26612%,0.30898%,0.29757%,0.25834%,,0.19886%,0.09524%,,,,,,,,1,,,,,
,,,157:31:00,,Golden Tower Duration,lvl 10,6d 13h 31m,0.30898%,259,181d 16h 13m,,,,,,,,,,,,,,,,,,,,,,,,,,,,,,,,,,,,,,,,,,,,34,9,4,0,0,5,10,14,1,0,0,0,,,,x11.34,x1.000,x1.15,x13.18,100.00%,0.00s,x19.43,40s,190s,x1.00,x4.88,x8.00,,190s,x2.62,1.55,,190s,x1.03,1.00,,,x1.00,x1.48,2.59E+02,,2.62E+02,2.61E+02,2.61E+02,,2.61E+02,2.64E+02,2.70E+02,2.59E+02,,2.59E+02,2.61E+02,,0.30091%,0.27807%,0.27670%,,,0.26752%,0.25811%,0.29757%,0.25834%,,0.19886%,0.09524%,,1,,,,,,,,,,,
,,,94:57:00,,Coins / Kill Bonus,lvl 35,3d 22h 57m,0.30091%,262,185d 15h 10m,,,,,,,,,,,,,,,,,,,,,,,,,,,,,,,,,,,,,,,,,,,,35,9,4,0,0,5,10,14,1,0,0,0,,,,x11.47,x1.000,x1.15,x13.34,100.00%,0.00s,x19.43,40s,190s,x1.00,x4.88,x8.00,,190s,x2.62,1.55,,190s,x1.03,1.00,,,x1.00,x1.48,2.62E+02,,2.65E+02,2.64E+02,2.64E+02,,2.64E+02,2.67E+02,2.73E+02,2.62E+02,,2.62E+02,2.64E+02,,0.27772%,0.27807%,0.27670%,,,0.26752%,0.25811%,0.29757%,0.25834%,,0.19886%,0.09524%,,,,,,,,,1,,,,
,,,356:18:00,,Black Hole Coin Bonus,lvl 15,14d 20h 18m,0.29757%,273,200d 11h 28m,,,,,,,,,,,,,,,,,,,,,,,,,,,,,,,,,,,,,,,,,,,,35,9,4,0,0,5,10,15,1,0,0,0,,,,x11.47,x1.000,x1.15,x13.34,100.00%,0.00s,x19.43,40s,190s,x1.00,x4.88,x8.50,,190s,x2.74,1.55,,190s,x1.03,1.00,,,x1.00,x1.48,2.73E+02,,2.76E+02,2.76E+02,2.76E+02,,2.76E+02,2.79E+02,2.85E+02,2.74E+02,,2.74E+02,2.75E+02,,0.27772%,0.27807%,0.27670%,,,0.26752%,0.25811%,0.24225%,0.25834%,,0.19886%,0.09524%,,,1,,,,,,,,,,
,,,79:11:00,,Standard Perks Bonus,lvl 10,3d  7h 11m,0.27807%,276,203d 18h 39m,,,,,,,,,,,,,,,,,,,,,,,,,,,,,,,,,,,,,,,,,,,,35,10,4,0,0,5,10,15,1,0,0,0,,,,x11.58,x1.000,x1.15,x13.46,100.00%,0.00s,x19.43,40s,190s,x1.00,x4.88,x8.50,,190s,x2.74,1.55,,190s,x1.03,1.00,,,x1.00,x1.48,2.76E+02,,2.79E+02,2.78E+02,2.78E+02,,2.78E+02,2.81E+02,2.87E+02,2.77E+02,,2.77E+02,2.78E+02,,0.27772%,0.21383%,0.27670%,,,0.26752%,0.25811%,0.24225%,0.25834%,,0.19886%,0.09524%,,1,,,,,,,,,,,
,,,101:40:00,,Coins / Kill Bonus,lvl 36,4d  5h 40m,0.27772%,279,208d  0h 19m,,,,,,,,,,,,,,,,,,,,,,,,,,,,,,,,,,,,,,,,,,,,36,10,4,0,0,5,10,15,1,0,0,0,,,,x11.71,x1.000,x1.15,x13.62,100.00%,0.00s,x19.43,40s,190s,x1.00,x4.88,x8.50,,190s,x2.74,1.55,,190s,x1.03,1.00,,,x1.00,x1.48,2.79E+02,,2.82E+02,2.81E+02,2.82E+02,,2.82E+02,2.84E+02,2.91E+02,2.80E+02,,2.80E+02,2.81E+02,,0.25681%,0.21383%,0.27670%,,,0.26752%,0.25811%,0.24225%,0.25834%,,0.19886%,0.09524%,,,,1,,,,,,,,,
,,,83:24:00,,Improve Trade-off Perks,lvl 5,3d 11h 24m,0.27670%,282,211d 11h 43m,,,,,,,,,,,,,,,,,,,,,,,,,,,,,,,,,,,,,,,,,,,,36,10,5,0,0,5,10,15,1,0,0,0,,,,x11.83,x1.000,x1.15,x13.75,100.00%,0.00s,x19.43,40s,190s,x1.00,x4.88,x8.50,,190s,x2.74,1.55,,190s,x1.03,1.00,,,x1.00,x1.48,2.82E+02,,2.85E+02,2.84E+02,2.84E+02,,2.84E+02,2.87E+02,2.94E+02,2.82E+02,,2.83E+02,2.84E+02,,0.25681%,0.21383%,0.22672%,,,0.26752%,0.25811%,0.24225%,0.25834%,,0.19886%,0.09524%,,,,,,,1,,,,,,
,,,87:06:00,,Golden Tower Bonus,lvl 6,3d 15h  6m,0.26752%,284,215d  2h 49m,,,,,,,,,,,,,,,,,,,,,,,,,,,,,,,,,,,,,,,,,,,,36,10,5,0,0,6,10,15,1,0,0,0,,,,x11.83,x1.000,x1.15,x13.75,100.00%,0.00s,x19.65,40s,190s,x1.00,x4.93,x8.50,,190s,x2.74,1.55,,190s,x1.03,1.00,,,x1.00,x1.48,2.84E+02,,2.88E+02,2.87E+02,2.87E+02,,2.87E+02,2.90E+02,2.96E+02,2.85E+02,,2.85E+02,2.87E+02,,0.25681%,0.21383%,0.22672%,,,0.23012%,0.25875%,0.24225%,0.25834%,,0.19886%,0.09524%,,,,,,,,1,,,,,
,,,184:49:00,,Golden Tower Duration,lvl 11,7d 16h 49m,0.25875%,290,222d 19h 38m,,,,,,,,,,,,,,,,,,,,,,,,,,,,,,,,,,,,,,,,,,,,36,10,5,0,0,6,11,15,1,0,0,0,,,,x11.83,x1.000,x1.15,x13.75,100.00%,0.00s,x19.65,41s,190s,x1.00,x5.02,x8.50,,190s,x2.74,1.55,,190s,x1.03,1.00,,,x1.00,x1.48,2.90E+02,,2.93E+02,2.93E+02,2.93E+02,,2.93E+02,2.96E+02,3.02E+02,2.91E+02,,2.91E+02,2.92E+02,,0.25681%,0.21383%,0.22672%,,,0.23126%,0.21557%,0.24225%,0.25834%,,0.19886%,0.09524%,,,,,,,,,,1,,,
,,,28:21:09,,Death Wave Coin Bonus,lvl 2,1d  4h 21m,0.25834%,291,223d 23h 59m,,,,,,,,,,,,,,,,,,,,,,,,,,,,,,,,,,,,,,,,,,,,36,10,5,0,0,6,11,15,2,0,0,0,,,,x11.83,x1.000,x1.15,x13.75,100.00%,0.00s,x19.65,41s,190s,x1.00,x5.02,x8.50,,190s,x2.74,1.60,,190s,x1.04,1.00,,,x1.00,x1.48,2.91E+02,,2.94E+02,2.94E+02,2.94E+02,,2.94E+02,2.97E+02,3.03E+02,2.92E+02,,2.92E+02,2.93E+02,,0.25681%,0.21383%,0.22672%,,,0.23126%,0.21557%,0.24225%,0.19797%,,0.19886%,0.09524%,,1,,,,,,,,,,,
,,,108:40:00,,Coins / Kill Bonus,lvl 37,4d 12h 40m,0.25681%,294,228d 12h 39m,,,,,,,,,,,,,,,,,,,,,,,,,,,,,,,,,,,,,,,,,,,,37,10,5,0,0,6,11,15,2,0,0,0,,,,x11.96,x1.000,x1.15,x13.91,100.00%,0.00s,x19.65,41s,190s,x1.00,x5.02,x8.50,,190s,x2.74,1.60,,190s,x1.04,1.00,,,x1.00,x1.48,2.94E+02,,2.98E+02,2.97E+02,2.97E+02,,2.97E+02,3.00E+02,3.07E+02,2.95E+02,,2.95E+02,2.97E+02,,0.23798%,0.21383%,0.22672%,,,0.23126%,0.21557%,0.24225%,0.19797%,,0.19886%,0.09524%,,,,,,,,,1,,,,
,,,419:09:00,,Black Hole Coin Bonus,lvl 16,17d 11h  9m,0.24225%,307,245d 23h 48m,,,,,,,,,,,,,,,,,,,,,,,,,,,,,,,,,,,,,,,,,,,,37,10,5,0,0,6,11,16,2,0,0,0,,,,x11.96,x1.000,x1.15,x13.91,100.00%,0.00s,x19.65,41s,190s,x1.00,x5.02,x9.00,,190s,x2.85,1.60,,190s,x1.04,1.00,,,x1.00,x1.48,3.07E+02,,3.10E+02,3.10E+02,3.10E+02,,3.10E+02,3.13E+02,3.19E+02,3.08E+02,,3.08E+02,3.09E+02,,0.23798%,0.21383%,0.22672%,,,0.23126%,0.21557%,0.19804%,0.19797%,,0.19886%,0.09524%,,1,,,,,,,,,,,
,,,115:55:00,,Coins / Kill Bonus,lvl 38,4d 19h 55m,0.23798%,310,250d 19h 43m,,,,,,,,,,,,,,,,,,,,,,,,,,,,,,,,,,,,,,,,,,,,38,10,5,0,0,6,11,16,2,0,0,0,,,,x12.10,x1.000,x1.15,x14.07,100.00%,0.00s,x19.65,41s,190s,x1.00,x5.02,x9.00,,190s,x2.85,1.60,,190s,x1.04,1.00,,,x1.00,x1.48,3.10E+02,,3.14E+02,3.13E+02,3.13E+02,,3.13E+02,3.16E+02,3.23E+02,3.11E+02,,3.11E+02,3.13E+02,,0.22089%,0.21383%,0.22672%,,,0.23126%,0.21557%,0.19804%,0.19797%,,0.19886%,0.09524%,,,,,,,1,,,,,,
,,,100:17:00,,Golden Tower Bonus,lvl 7,4d  4h 17m,0.23126%,313,255d  0h  0m,,,,,,,,,,,,,,,,,,,,,,,,,,,,,,,,,,,,,,,,,,,,38,10,5,0,0,7,11,16,2,0,0,0,,,,x12.10,x1.000,x1.15,x14.07,100.00%,0.00s,x19.88,41s,190s,x1.00,x5.07,x9.00,,190s,x2.85,1.60,,190s,x1.04,1.00,,,x1.00,x1.48,3.13E+02,,3.17E+02,3.16E+02,3.16E+02,,3.16E+02,3.19E+02,3.26E+02,3.14E+02,,3.14E+02,3.16E+02,,0.22089%,0.21383%,0.22672%,,,0.19807%,0.21608%,0.19804%,0.19797%,,0.19886%,0.09524%,,,,1,,,,,,,,,
,,,100:49:00,,Improve Trade-off Perks,lvl 6,4d  4h 49m,0.22672%,316,259d  4h 49m,,,,,,,,,,,,,,,,,,,,,,,,,,,,,,,,,,,,,,,,,,,,38,10,6,0,0,7,11,16,2,0,0,0,,,,x12.22,x1.000,x1.15,x14.20,100.00%,0.00s,x19.88,41s,190s,x1.00,x5.07,x9.00,,190s,x2.85,1.60,,190s,x1.04,1.00,,,x1.00,x1.48,3.16E+02,,3.20E+02,3.19E+02,3.19E+02,,3.19E+02,3.22E+02,3.29E+02,3.17E+02,,3.17E+02,3.19E+02,,0.22089%,0.21383%,0.18769%,,,0.19807%,0.21608%,0.19804%,0.19797%,,0.19886%,0.09524%,,1,,,,,,,,,,,
,,,123:28:00,,Coins / Kill Bonus,lvl 39,5d  3h 28m,0.22089%,320,264d  8h 17m,,,,,,,,,,,,,,,,,,,,,,,,,,,,,,,,,,,,,,,,,,,,39,10,6,0,0,7,11,16,2,0,0,0,,,,x12.36,x1.000,x1.15,x14.37,100.00%,0.00s,x19.88,41s,190s,x1.00,x5.07,x9.00,,190s,x2.85,1.60,,190s,x1.04,1.00,,,x1.00,x1.48,3.20E+02,,3.23E+02,3.23E+02,3.23E+02,,3.23E+02,3.26E+02,3.33E+02,3.21E+02,,3.21E+02,3.22E+02,,0.20541%,0.21383%,0.18769%,,,0.19807%,0.21608%,0.19804%,0.19797%,,0.19886%,0.09524%,,,,,,,,1,,,,,
,,,217:30:00,,Golden Tower Duration,lvl 12,9d  1h 30m,0.21608%,326,273d  9h 47m,,,,,,,,,,,,,,,,,,,,,,,,,,,,,,,,,,,,,,,,,,,,39,10,6,0,0,7,12,16,2,0,0,0,,,,x12.36,x1.000,x1.15,x14.37,100.00%,0.00s,x19.88,42s,190s,x1.00,x5.17,x9.00,,190s,x2.85,1.60,,190s,x1.04,1.00,,,x1.00,x1.48,3.26E+02,,3.30E+02,3.29E+02,3.29E+02,,3.29E+02,3.32E+02,3.39E+02,3.27E+02,,3.27E+02,3.29E+02,,0.20541%,0.21383%,0.18769%,,,0.19901%,0.17979%,0.19804%,0.19797%,,0.19886%,0.09524%,,,1,,,,,,,,,,
,,,102:02:00,,Standard Perks Bonus,lvl 11,4d  6h  2m,0.21383%,329,277d 15h 49m,,,,,,,,,,,,,,,,,,,,,,,,,,,,,,,,,,,,,,,,,,,,39,11,6,0,0,7,12,16,2,0,0,0,,,,x12.47,x1.000,x1.15,x14.50,100.00%,0.00s,x19.88,42s,190s,x1.00,x5.17,x9.00,,190s,x2.85,1.60,,190s,x1.04,1.00,,,x1.00,x1.48,3.29E+02,,3.33E+02,3.32E+02,3.32E+02,,3.32E+02,3.35E+02,3.42E+02,3.30E+02,,3.30E+02,3.32E+02,,0.20541%,0.16598%,0.18769%,,,0.19901%,0.17979%,0.19804%,0.19797%,,0.19886%,0.09524%,,1,,,,,,,,,,,
,,,131:17:00,,Coins / Kill Bonus,lvl 40,5d 11h 17m,0.20541%,333,283d  3h  6m,,,,,,,,,,,,,,,,,,,,,,,,,,,,,,,,,,,,,,,,,,,,40,11,6,0,0,7,12,16,2,0,0,0,,,,x12.61,x1.000,x1.15,x14.66,100.00%,0.00s,x19.88,42s,190s,x1.00,x5.17,x9.00,,190s,x2.85,1.60,,190s,x1.04,1.00,,,x1.00,x1.48,3.33E+02,,3.36E+02,3.36E+02,3.36E+02,,3.36E+02,3.39E+02,3.46E+02,3.34E+02,,3.34E+02,3.35E+02,,0.19130%,0.16598%,0.18769%,,,0.19901%,0.17979%,0.19804%,0.19797%,,0.19886%,0.09524%,,,,,,,1,,,,,,
,,,115:58:00,,Golden Tower Bonus,lvl 8,4d 19h 58m,0.19901%,336,287d 23h  4m,,,,,,,,,,,,,,,,,,,,,,,,,,,,,,,,,,,,,,,,,,,,40,11,6,0,0,8,12,16,2,0,0,0,,,,x12.61,x1.000,x1.15,x14.66,100.00%,0.00s,x20.10,42s,190s,x1.00,x5.22,x9.00,,190s,x2.85,1.60,,190s,x1.04,1.00,,,x1.00,x1.48,3.36E+02,,3.40E+02,3.39E+02,3.39E+02,,3.39E+02,3.42E+02,3.50E+02,3.37E+02,,3.37E+02,3.39E+02,,0.19130%,0.16598%,0.18769%,,,0.16955%,0.18020%,0.19804%,0.19797%,,0.19886%,0.09524%,,,,,,,,,,,,1,
,,,38:53:00,,Gold Bot - Cooldown,lvl 1,1d 14h 53m,0.19886%,337,289d 13h 57m,,,,,,,,,,,,,,,,,,,,,,,,,,,,,,,,,,,,,,,,,,,,40,11,6,0,0,8,12,16,2,0,1,0,,,,x12.61,x1.000,x1.15,x14.66,100.00%,0.00s,x20.10,42s,190s,x1.00,x5.22,x9.00,,190s,x2.85,1.60,,190s,x1.04,1.00,,,x1.00,x1.49,3.37E+02,,3.41E+02,3.40E+02,3.40E+02,,3.40E+02,3.44E+02,3.51E+02,3.38E+02,,3.38E+02,3.40E+02,,0.19130%,0.16598%,0.18769%,,,0.16955%,0.18020%,0.19804%,0.19797%,,0.16644%,0.09587%,,,,,,,,,1,,,,
,,,491:54:00,,Black Hole Coin Bonus,lvl 17,20d 11h 54m,0.19804%,351,310d  1h 51m,,,,,,,,,,,,,,,,,,,,,,,,,,,,,,,,,,,,,,,,,,,,40,11,6,0,0,8,12,17,2,0,1,0,,,,x12.61,x1.000,x1.15,x14.66,100.00%,0.00s,x20.10,42s,190s,x1.00,x5.22,x9.50,,190s,x2.97,1.60,,190s,x1.04,1.00,,,x1.00,x1.49,3.51E+02,,3.55E+02,3.54E+02,3.54E+02,,3.54E+02,3.58E+02,3.64E+02,3.52E+02,,3.52E+02,3.54E+02,,0.19130%,0.16598%,0.18769%,,,0.16955%,0.18020%,0.16266%,0.19797%,,0.16644%,0.09587%,,,,,,,,,,1,,,
,,,36:53:11,,Death Wave Coin Bonus,lvl 3,1d 12h 53m,0.19797%,352,311d 14h 44m,,,,,,,,,,,,,,,,,,,,,,,,,,,,,,,,,,,,,,,,,,,,40,11,6,0,0,8,12,17,3,0,1,0,,,,x12.61,x1.000,x1.15,x14.66,100.00%,0.00s,x20.10,42s,190s,x1.00,x5.22,x9.50,,190s,x2.97,1.65,,190s,x1.04,1.00,,,x1.00,x1.49,3.52E+02,,3.56E+02,3.55E+02,3.55E+02,,3.55E+02,3.59E+02,3.66E+02,3.53E+02,,3.53E+02,3.55E+02,,0.19130%,0.16598%,0.18769%,,,0.16955%,0.18020%,0.16266%,0.15858%,,0.16644%,0.09587%,,1,,,,,,,,,,,
,,,139:24:00,,Coins / Kill Bonus,lvl 41,5d 19h 24m,0.19130%,356,317d 10h  8m,,,,,,,,,,,,,,,,,,,,,,,,,,,,,,,,,,,,,,,,,,,,41,11,6,0,0,8,12,17,3,0,1,0,,,,x12.75,x1.000,x1.15,x14.82,100.00%,0.00s,x20.10,42s,190s,x1.00,x5.22,x9.50,,190s,x2.97,1.65,,190s,x1.04,1.00,,,x1.00,x1.49,3.56E+02,,3.60E+02,3.59E+02,3.59E+02,,3.59E+02,3.63E+02,3.70E+02,3.57E+02,,3.57E+02,3.59E+02,,0.17846%,0.16598%,0.18769%,,,0.16955%,0.18020%,0.16266%,0.15858%,,0.16644%,0.09587%,,,,1,,,,,,,,,
,,,120:38:00,,Improve Trade-off Perks,lvl 7,5d  0h 38m,0.18769%,359,322d 10h 46m,,,,,,,,,,,,,,,,,,,,,,,,,,,,,,,,,,,,,,,,,,,,41,11,7,0,0,8,12,17,3,0,1,0,,,,x12.87,x1.000,x1.15,x14.96,100.00%,0.00s,x20.10,42s,190s,x1.00,x5.22,x9.50,,190s,x2.97,1.65,,190s,x1.04,1.00,,,x1.00,x1.49,3.59E+02,,3.63E+02,3.62E+02,3.62E+02,,3.63E+02,3.66E+02,3.73E+02,3.60E+02,,3.60E+02,3.62E+02,,0.17846%,0.16598%,0.15614%,,,0.16955%,0.18020%,0.16266%,0.15858%,,0.16644%,0.09587%,,,,,,,,1,,,,,
,,,256:23:00,,Golden Tower Duration,lvl 13,10d 16h 23m,0.18020%,366,333d  3h  9m,,,,,,,,,,,,,,,,,,,,,,,,,,,,,,,,,,,,,,,,,,,,41,11,7,0,0,8,13,17,3,0,1,0,,,,x12.87,x1.000,x1.15,x14.96,100.00%,0.00s,x20.10,43s,190s,x1.00,x5.32,x9.50,,190s,x2.97,1.65,,190s,x1.04,1.00,,,x1.00,x1.49,3.66E+02,,3.70E+02,3.69E+02,3.69E+02,,3.69E+02,3.73E+02,3.80E+02,3.67E+02,,3.67E+02,3.69E+02,,0.17846%,0.16598%,0.15614%,,,0.17031%,0.14992%,0.16266%,0.15858%,,0.16644%,0.09587%,,1,,,,,,,,,,,
,,,147:47:00,,Coins / Kill Bonus,lvl 42,6d  3h 47m,0.17846%,370,339d  6h 56m,,,,,,,,,,,,,,,,,,,,,,,,,,,,,,,,,,,,,,,,,,,,42,11,7,0,0,8,13,17,3,0,1,0,,,,x13.01,x1.000,x1.15,x15.13,100.00%,0.00s,x20.10,43s,190s,x1.00,x5.32,x9.50,,190s,x2.97,1.65,,190s,x1.04,1.00,,,x1.00,x1.49,3.70E+02,,3.74E+02,3.73E+02,3.73E+02,,3.74E+02,3.77E+02,3.84E+02,3.71E+02,,3.71E+02,3.73E+02,,0.16673%,0.16598%,0.15614%,,,0.17031%,0.14992%,0.16266%,0.15858%,,0.16644%,0.09587%,,,,,,,1,,,,,,
,,,134:49:00,,Golden Tower Bonus,lvl 9,5d 14h 49m,0.17031%,374,344d 21h 45m,,,,,,,,,,,,,,,,,,,,,,,,,,,,,,,,,,,,,,,,,,,,42,11,7,0,0,9,13,17,3,0,1,0,,,,x13.01,x1.000,x1.15,x15.13,100.00%,0.00s,x20.33,43s,190s,x1.00,x5.37,x9.50,,190s,x2.97,1.65,,190s,x1.04,1.00,,,x1.00,x1.49,3.74E+02,,3.78E+02,3.77E+02,3.77E+02,,3.77E+02,3.81E+02,3.88E+02,3.75E+02,,3.75E+02,3.77E+02,,0.16673%,0.16598%,0.15614%,,,0.14438%,0.15025%,0.16266%,0.15858%,,0.16644%,0.09587%,,1,,,,,,,,,,,
,,,156:28:00,,Coins / Kill Bonus,lvl 43,6d 12h 28m,0.16673%,378,351d 10h 13m,,,,,,,,,,,,,,,,,,,,,,,,,,,,,,,,,,,,,,,,,,,,43,11,7,0,0,9,13,17,3,0,1,0,,,,x13.15,x1.000,x1.15,x15.29,100.00%,0.00s,x20.33,43s,190s,x1.00,x5.37,x9.50,,190s,x2.97,1.65,,190s,x1.04,1.00,,,x1.00,x1.49,3.78E+02,,3.82E+02,3.81E+02,3.81E+02,,3.81E+02,3.85E+02,3.92E+02,3.79E+02,,3.79E+02,3.81E+02,,0.15599%,0.16598%,0.15614%,,,0.14438%,0.15025%,0.16266%,0.15858%,,0.16644%,0.09587%,,,,,,,,,,,,1,
,,,47:14:00,,Gold Bot - Cooldown,lvl 2,1d 23h 14m,0.16644%,379,353d  9h 27m,,,,,,,,,,,,,,,,,,,,,,,,,,,,,,,,,,,,,,,,,,,,43,11,7,0,0,9,13,17,3,0,2,0,,,,x13.15,x1.000,x1.15,x15.29,100.00%,0.00s,x20.33,43s,190s,x1.00,x5.37,x9.50,,190s,x2.97,1.65,,190s,x1.04,1.00,,,x1.00,x1.49,3.79E+02,,3.83E+02,3.82E+02,3.82E+02,,3.82E+02,3.86E+02,3.94E+02,3.80E+02,,3.80E+02,3.82E+02,,0.15599%,0.16598%,0.15614%,,,0.14438%,0.15025%,0.16266%,0.15858%,,0.14331%,0.09651%,,,1,,,,,,,,,,
,,,130:16:00,,Standard Perks Bonus,lvl 12,5d 10h 16m,0.16598%,382,358d 19h 43m,,,,,,,,,,,,,,,,,,,,,,,,,,,,,,,,,,,,,,,,,,,,43,12,7,0,0,9,13,17,3,0,2,0,,,,x13.27,x1.000,x1.15,x15.43,100.00%,0.00s,x20.33,43s,190s,x1.00,x5.37,x9.50,,190s,x2.97,1.65,,190s,x1.04,1.00,,,x1.00,x1.49,3.82E+02,,3.86E+02,3.86E+02,3.86E+02,,3.86E+02,3.90E+02,3.97E+02,3.83E+02,,3.84E+02,3.85E+02,,0.15599%,0.13009%,0.15614%,,,0.14438%,0.15025%,0.16266%,0.15858%,,0.14331%,0.09651%,,,,,,,,,1,,,,
,,,575:32:00,,Black Hole Coin Bonus,lvl 18,23d 23h 32m,0.16266%,397,1y 17d 19h 15m,,,,,,,,,,,,,,,,,,,,,,,,,,,,,,,,,,,,,,,,,,,,43,12,7,0,0,9,13,18,3,0,2,0,,,,x13.27,x1.000,x1.15,x15.43,100.00%,0.00s,x20.33,43s,190s,x1.00,x5.37,x10.00,,190s,x3.08,1.65,,190s,x1.04,1.00,,,x1.00,x1.49,3.97E+02,,4.01E+02,4.01E+02,4.01E+02,,4.01E+02,4.05E+02,4.12E+02,3.98E+02,,3.98E+02,4.00E+02,,0.15599%,0.13009%,0.15614%,,,0.14438%,0.15025%,0.13426%,0.15858%,,0.14331%,0.09651%,,,,,,,,,,1,,,
,,,45:54:33,,Death Wave Coin Bonus,lvl 4,1d 21h 54m,0.15858%,398,1y 19d 17h 10m,,,,,,,,,,,,,,,,,,,,,,,,,,,,,,,,,,,,,,,,,,,,43,12,7,0,0,9,13,18,4,0,2,0,,,,x13.27,x1.000,x1.15,x15.43,100.00%,0.00s,x20.33,43s,190s,x1.00,x5.37,x10.00,,190s,x3.08,1.70,,190s,x1.04,1.00,,,x1.00,x1.49,3.98E+02,,4.03E+02,4.02E+02,4.02E+02,,4.02E+02,4.06E+02,4.13E+02,4.00E+02,,4.00E+02,4.02E+02,,0.15599%,0.13009%,0.15614%,,,0.14438%,0.15025%,0.13426%,0.13002%,,0.14331%,0.09651%,,,,1,,,,,,,,,
,,,143:39:00,,Improve Trade-off Perks,lvl 8,5d 23h 39m,0.15614%,402,1y 25d 16h 49m,,,,,,,,,,,,,,,,,,,,,,,,,,,,,,,,,,,,,,,,,,,,43,12,8,0,0,9,13,18,4,0,2,0,,,,x13.39,x1.000,x1.15,x15.57,100.00%,0.00s,x20.33,43s,190s,x1.00,x5.37,x10.00,,190s,x3.08,1.70,,190s,x1.04,1.00,,,x1.00,x1.49,4.02E+02,,4.06E+02,4.06E+02,4.06E+02,,4.06E+02,4.10E+02,4.17E+02,4.03E+02,,4.03E+02,4.05E+02,,0.15599%,0.13009%,0.13013%,,,0.14438%,0.15025%,0.13426%,0.13002%,,0.14331%,0.09651%,,1,,,,,,,,,,,
,,,165:26:00,,Coins / Kill Bonus,lvl 44,6d 21h 26m,0.15599%,406,1y 32d 14h 15m,,,,,,,,,,,,,,,,,,,,,,,,,,,,,,,,,,,,,,,,,,,,44,12,8,0,0,9,13,18,4,0,2,0,,,,x13.54,x1.000,x1.15,x15.74,100.00%,0.00s,x20.33,43s,190s,x1.00,x5.37,x10.00,,190s,x3.08,1.70,,190s,x1.04,1.00,,,x1.00,x1.49,4.06E+02,,4.11E+02,4.10E+02,4.10E+02,,4.10E+02,4.14E+02,4.22E+02,4.08E+02,,4.08E+02,4.10E+02,,0.14615%,0.13009%,0.13013%,,,0.14438%,0.15025%,0.13426%,0.13002%,,0.14331%,0.09651%,,,,,,,,1,,,,,
,,,302:21:00,,Golden Tower Duration,lvl 14,12d 14h 21m,0.15025%,414,1y 45d  4h 36m,,,,,,,,,,,,,,,,,,,,,,,,,,,,,,,,,,,,,,,,,,,,44,12,8,0,0,9,14,18,4,0,2,0,,,,x13.54,x1.000,x1.15,x15.74,100.00%,0.00s,x20.33,44s,190s,x1.00,x5.48,x10.00,,190s,x3.08,1.70,,190s,x1.04,1.00,,,x1.00,x1.49,4.14E+02,,4.19E+02,4.18E+02,4.18E+02,,4.18E+02,4.22E+02,4.30E+02,4.15E+02,,4.16E+02,4.17E+02,,0.14615%,0.13009%,0.13013%,,,0.14500%,0.12513%,0.13426%,0.13002%,,0.14331%,0.09651%,,1,,,,,,,,,,,
,,,174:42:00,,Coins / Kill Bonus,lvl 45,7d  6h 42m,0.14615%,419,1y 52d 11h 18m,,,,,,,,,,,,,,,,,,,,,,,,,,,,,,,,,,,,,,,,,,,,45,12,8,0,0,9,14,18,4,0,2,0,,,,x13.68,x1.000,x1.15,x15.91,100.00%,0.00s,x20.33,44s,190s,x1.00,x5.48,x10.00,,190s,x3.08,1.70,,190s,x1.04,1.00,,,x1.00,x1.49,4.19E+02,,4.23E+02,4.22E+02,4.22E+02,,4.23E+02,4.26E+02,4.34E+02,4.20E+02,,4.20E+02,4.22E+02,,0.13710%,0.13009%,0.13013%,,,0.14500%,0.12513%,0.13426%,0.13002%,,0.14331%,0.09651%,,,,,,,1,,,,,,
,,,157:31:00,,Golden Tower Bonus,lvl 10,6d 13h 31m,0.14500%,423,1y 59d  0h 49m,,,,,,,,,,,,,,,,,,,,,,,,,,,,,,,,,,,,,,,,,,,,45,12,8,0,0,10,14,18,4,0,2,0,,,,x13.68,x1.000,x1.15,x15.91,100.00%,0.00s,x20.55,44s,190s,x1.00,x5.53,x10.00,,190s,x3.08,1.70,,190s,x1.04,1.00,,,x1.00,x1.49,4.23E+02,,4.27E+02,4.26E+02,4.26E+02,,4.26E+02,4.30E+02,4.38E+02,4.24E+02,,4.24E+02,4.26E+02,,0.13710%,0.13009%,0.13013%,,,0.12241%,0.12539%,0.13426%,0.13002%,,0.14331%,0.09651%,,,,,,,,,,,,1,
,,,55:47:00,,Gold Bot - Cooldown,lvl 3,2d  7h 47m,0.14331%,424,1y 61d  8h 36m,,,,,,,,,,,,,,,,,,,,,,,,,,,,,,,,,,,,,,,,,,,,45,12,8,0,0,10,14,18,4,0,3,0,,,,x13.68,x1.000,x1.15,x15.91,100.00%,0.00s,x20.55,44s,190s,x1.00,x5.53,x10.00,,190s,x3.08,1.70,,190s,x1.04,1.00,,,x1.00,x1.50,4.24E+02,,4.28E+02,4.28E+02,4.28E+02,,4.28E+02,4.32E+02,4.40E+02,4.25E+02,,4.25E+02,4.27E+02,,0.13710%,0.13009%,0.13013%,,,0.12241%,0.12539%,0.13426%,0.13002%,,0.12527%,0.09717%,,1,,,,,,,,,,,
,,,184:16:00,,Coins / Kill Bonus,lvl 46,7d 16h 16m,0.13710%,428,1y 69d  0h 52m,,,,,,,,,,,,,,,,,,,,,,,,,,,,,,,,,,,,,,,,,,,,46,12,8,0,0,10,14,18,4,0,3,0,,,,x13.83,x1.000,x1.15,x16.08,100.00%,0.00s,x20.55,44s,190s,x1.00,x5.53,x10.00,,190s,x3.08,1.70,,190s,x1.04,1.00,,,x1.00,x1.50,4.28E+02,,4.33E+02,4.32E+02,4.32E+02,,4.32E+02,4.36E+02,4.44E+02,4.30E+02,,4.30E+02,4.32E+02,,0.12879%,0.13009%,0.13013%,,,0.12241%,0.12539%,0.13426%,0.13002%,,0.12527%,0.09717%,,,,,,,,,1,,,,
,,,671:05:31,,Black Hole Coin Bonus,lvl 19,27d 23h  5m,0.13426%,444,1y 96d 23h 57m,,,,,,,,,,,,,,,,,,,,,,,,,,,,,,,,,,,,,,,,,,,,46,12,8,0,0,10,14,19,4,0,3,0,,,,x13.83,x1.000,x1.15,x16.08,100.00%,0.00s,x20.55,44s,190s,x1.00,x5.53,x10.50,,190s,x3.20,1.70,,190s,x1.04,1.00,,,x1.00,x1.50,4.44E+02,,4.49E+02,4.48E+02,4.49E+02,,4.49E+02,4.53E+02,4.61E+02,4.46E+02,,4.46E+02,4.48E+02,,0.12879%,0.13009%,0.13013%,,,0.12241%,0.12539%,0.11138%,0.13002%,,0.12527%,0.09717%,,,,1,,,,,,,,,
,,,170:46:00,,Improve Trade-off Perks,lvl 9,7d  2h 46m,0.13013%,449,1y 104d  2h 43m,,,,,,,,,,,,,,,,,,,,,,,,,,,,,,,,,,,,,,,,,,,,46,12,9,0,0,10,14,19,4,0,3,0,,,,x13.95,x1.000,x1.15,x16.22,100.00%,0.00s,x20.55,44s,190s,x1.00,x5.53,x10.50,,190s,x3.20,1.70,,190s,x1.04,1.00,,,x1.00,x1.50,4.49E+02,,4.53E+02,4.53E+02,4.53E+02,,4.53E+02,4.57E+02,4.65E+02,4.50E+02,,4.50E+02,4.52E+02,,0.12879%,0.13009%,0.10848%,,,0.12241%,0.12539%,0.11138%,0.13002%,,0.12527%,0.09717%,,,1,,,,,,,,,,
,,,164:43:00,,Standard Perks Bonus,lvl 13,6d 20h 43m,0.13009%,453,1y 110d 23h 26m,,,,,,,,,,,,,,,,,,,,,,,,,,,,,,,,,,,,,,,,,,,,46,13,9,0,0,10,14,19,4,0,3,0,,,,x14.08,x1.000,x1.15,x16.37,100.00%,0.00s,x20.55,44s,190s,x1.00,x5.53,x10.50,,190s,x3.20,1.70,,190s,x1.04,1.00,,,x1.00,x1.50,4.53E+02,,4.57E+02,4.57E+02,4.57E+02,,4.57E+02,4.61E+02,4.69E+02,4.54E+02,,4.54E+02,4.56E+02,,0.12879%,0.10298%,0.10848%,,,0.12241%,0.12539%,0.11138%,0.13002%,,0.12527%,0.09717%,,,,,,,,,,1,,,
,,,55:49:19,,Death Wave Coin Bonus,lvl 5,2d  7h 49m,0.13002%,454,1y 113d  7h 16m,,,,,,,,,,,,,,,,,,,,,,,,,,,,,,,,,,,,,,,,,,,,46,13,9,0,0,10,14,19,5,0,3,0,,,,x14.08,x1.000,x1.15,x16.37,100.00%,0.00s,x20.55,44s,190s,x1.00,x5.53,x10.50,,190s,x3.20,1.75,,190s,x1.05,1.00,,,x1.00,x1.50,4.54E+02,,4.59E+02,4.58E+02,4.58E+02,,4.58E+02,4.62E+02,4.70E+02,4.55E+02,,4.55E+02,4.58E+02,,0.12879%,0.10298%,0.10848%,,,0.12241%,0.12539%,0.11138%,0.10784%,,0.12527%,0.09717%,,1,,,,,,,,,,,
,,,194:07:00,,Coins / Kill Bonus,lvl 47,8d  2h  7m,0.12879%,459,1y 121d  9h 23m,,,,,,,,,,,,,,,,,,,,,,,,,,,,,,,,,,,,,,,,,,,,47,13,9,0,0,10,14,19,5,0,3,0,,,,x14.23,x1.000,x1.15,x16.54,100.00%,0.00s,x20.55,44s,190s,x1.00,x5.53,x10.50,,190s,x3.20,1.75,,190s,x1.05,1.00,,,x1.00,x1.50,4.59E+02,,4.63E+02,4.63E+02,4.63E+02,,4.63E+02,4.67E+02,4.75E+02,4.60E+02,,4.60E+02,4.62E+02,,0.12112%,0.10298%,0.10848%,,,0.12241%,0.12539%,0.11138%,0.10784%,,0.12527%,0.09717%,,,,,,,,1,,,,,
,,,356:18:00,,Golden Tower Duration,lvl 15,14d 20h 18m,0.12539%,467,1y 136d  5h 41m,,,,,,,,,,,,,,,,,,,,,,,,,,,,,,,,,,,,,,,,,,,,47,13,9,0,0,10,15,19,5,0,3,0,,,,x14.23,x1.000,x1.15,x16.54,100.00%,0.00s,x20.55,45s,190s,x1.00,x5.63,x10.50,,190s,x3.20,1.75,,190s,x1.05,1.00,,,x1.00,x1.50,4.67E+02,,4.72E+02,4.71E+02,4.72E+02,,4.72E+02,4.76E+02,4.84E+02,4.69E+02,,4.69E+02,4.71E+02,,0.12112%,0.10298%,0.10848%,,,0.12291%,0.10464%,0.11138%,0.10784%,,0.12527%,0.09717%,,,,,,,,,,,,1,
,,,64:54:00,,Gold Bot - Cooldown,lvl 4,2d 16h 54m,0.12527%,469,1y 138d 22h 35m,,,,,,,,,,,,,,,,,,,,,,,,,,,,,,,,,,,,,,,,,,,,47,13,9,0,0,10,15,19,5,0,4,0,,,,x14.23,x1.000,x1.15,x16.54,100.00%,0.00s,x20.55,45s,190s,x1.00,x5.63,x10.50,,190s,x3.20,1.75,,190s,x1.05,1.00,,,x1.00,x1.50,4.69E+02,,4.74E+02,4.73E+02,4.73E+02,,4.73E+02,4.77E+02,4.86E+02,4.70E+02,,4.70E+02,4.73E+02,,0.12112%,0.10298%,0.10848%,,,0.12291%,0.10464%,0.11138%,0.10784%,,0.11017%,0.09783%,,,,,,,1,,,,,,
,,,184:49:00,,Golden Tower Bonus,lvl 11,7d 16h 49m,0.12291%,473,1y 146d 15h 24m,,,,,,,,,,,,,,,,,,,,,,,,,,,,,,,,,,,,,,,,,,,,47,13,9,0,0,11,15,19,5,0,4,0,,,,x14.23,x1.000,x1.15,x16.54,100.00%,0.00s,x20.78,45s,190s,x1.00,x5.68,x10.50,,190s,x3.20,1.75,,190s,x1.05,1.00,,,x1.00,x1.50,4.73E+02,,4.78E+02,4.77E+02,4.78E+02,,4.78E+02,4.82E+02,4.90E+02,4.75E+02,,4.75E+02,4.77E+02,,0.12112%,0.10298%,0.10848%,,,0.10346%,0.10485%,0.11138%,0.10784%,,0.11017%,0.09783%,,1,,,,,,,,,,,
,,,204:17:00,,Coins / Kill Bonus,lvl 48,8d 12h 17m,0.12112%,478,1y 155d  3h 41m,,,,,,,,,,,,,,,,,,,,,,,,,,,,,,,,,,,,,,,,,,,,48,13,9,0,0,11,15,19,5,0,4,0,,,,x14.37,x1.000,x1.15,x16.71,100.00%,0.00s,x20.78,45s,190s,x1.00,x5.68,x10.50,,190s,x3.20,1.75,,190s,x1.05,1.00,,,x1.00,x1.50,4.78E+02,,4.83E+02,4.82E+02,4.83E+02,,4.83E+02,4.87E+02,4.95E+02,4.80E+02,,4.80E+02,4.82E+02,,0.11404%,0.10298%,0.10848%,,,0.10346%,0.10485%,0.11138%,0.10784%,,0.11017%,0.09783%,,1,,,,,,,,,,,
,,,214:45:00,,Coins / Kill Bonus,lvl 49,8d 22h 45m,0.11404%,483,1y 164d  2h 26m,,,,,,,,,,,,,,,,,,,,,,,,,,,,,,,,,,,,,,,,,,,,49,13,9,0,0,11,15,19,5,0,4,0,,,,x14.52,x1.000,x1.15,x16.88,100.00%,0.00s,x20.78,45s,190s,x1.00,x5.68,x10.50,,190s,x3.20,1.75,,190s,x1.05,1.00,,,x1.00,x1.50,4.83E+02,,4.88E+02,4.87E+02,4.87E+02,,4.88E+02,4.92E+02,5.00E+02,4.84E+02,,4.85E+02,4.87E+02,,0.10749%,0.10298%,0.10848%,,,0.10346%,0.10485%,0.11138%,0.10784%,,0.11017%,0.09783%,,,,,,,,,1,,,,
,,,779:40:00,,Black Hole Coin Bonus,lvl 20,32d 11h 40m,0.11138%,500,1y 196d 14h  6m,,,,,,,,,,,,,,,,,,,,,,,,,,,,,,,,,,,,,,,,,,,,49,13,9,0,0,11,15,20,5,0,4,0,,,,x14.52,x1.000,x1.15,x16.88,100.00%,0.00s,x20.78,45s,190s,x1.00,x5.68,x11.00,,190s,x3.32,1.75,,190s,x1.05,1.00,,,x1.00,x1.50,5.00E+02,,5.06E+02,5.05E+02,5.05E+02,,5.05E+02,5.10E+02,,5.02E+02,,5.02E+02,5.05E+02,,0.10749%,0.10298%,0.10848%,,,0.10346%,0.10485%,,0.10784%,,0.11017%,0.09783%,,,,,,,,,,,,1,
,,,75:04:00,,Gold Bot - Cooldown,lvl 5,3d  3h  4m,0.11017%,502,1y 199d 17h 10m,,,,,,,,,,,,,,,,,,,,,,,,,,,,,,,,,,,,,,,,,,,,49,13,9,0,0,11,15,20,5,0,5,0,,,,x14.52,x1.000,x1.15,x16.88,100.00%,0.00s,x20.78,45s,190s,x1.00,x5.68,x11.00,,190s,x3.32,1.75,,190s,x1.05,1.00,,,x1.00,x1.51,5.02E+02,,5.07E+02,5.07E+02,5.07E+02,,5.07E+02,5.11E+02,,5.04E+02,,5.04E+02,5.06E+02,,0.10749%,0.10298%,0.10848%,,,0.10346%,0.10485%,,0.10784%,,0.09678%,0.09850%,,,,1,,,,,,,,,
,,,202:58:00,,Improve Trade-off Perks,lvl 10,8d 10h 58m,0.10848%,507,1y 208d  4h  8m,,,,,,,,,,,,,,,,,,,,,,,,,,,,,,,,,,,,,,,,,,,,49,13,10,0,0,11,15,20,5,0,5,0,,,,x14.65,x1.000,x1.15,x17.04,100.00%,0.00s,x20.78,45s,190s,x1.00,x5.68,x11.00,,190s,x3.32,1.75,,190s,x1.05,1.00,,,x1.00,x1.51,5.07E+02,,5.12E+02,5.11E+02,,,5.12E+02,5.16E+02,,5.08E+02,,5.09E+02,5.11E+02,,0.10749%,0.10298%,,,,0.10346%,0.10485%,,0.10784%,,0.09678%,0.09850%,,,,,,,,,,1,,,
,,,67:06:05,,Death Wave Coin Bonus,lvl 6,2d 19h  6m,0.10784%,508,1y 210d 23h 14m,,,,,,,,,,,,,,,,,,,,,,,,,,,,,,,,,,,,,,,,,,,,49,13,10,0,0,11,15,20,6,0,5,0,,,,x14.65,x1.000,x1.15,x17.04,100.00%,0.00s,x20.78,45s,190s,x1.00,x5.68,x11.00,,190s,x3.32,1.80,,190s,x1.05,1.00,,,x1.00,x1.51,5.08E+02,,5.13E+02,5.13E+02,,,5.13E+02,5.18E+02,,5.10E+02,,5.10E+02,5.13E+02,,0.10749%,0.10298%,,,,0.10346%,0.10485%,,0.08986%,,0.09678%,0.09850%,,1,,,,,,,,,,,
,,,225:32:00,,Coins / Kill Bonus,lvl 50,9d  9h 32m,0.10749%,513,1y 220d  8h 46m,,,,,,,,,,,,,,,,,,,,,,,,,,,,,,,,,,,,,,,,,,,,50,13,10,0,0,11,15,20,6,0,5,0,,,,x14.80,x1.000,x1.15,x17.21,100.00%,0.00s,x20.78,45s,190s,x1.00,x5.68,x11.00,,190s,x3.32,1.80,,190s,x1.05,1.00,,,x1.00,x1.51,5.13E+02,,5.19E+02,5.18E+02,,,5.18E+02,5.23E+02,,5.15E+02,,5.15E+02,5.18E+02,,0.10143%,0.10298%,,,,0.10346%,0.10485%,,0.08986%,,0.09678%,0.09850%,,,,,,,,1,,,,,
,,,419:09:00,,Golden Tower Duration,lvl 16,17d 11h  9m,0.10485%,523,1y 237d 19h 55m,,,,,,,,,,,,,,,,,,,,,,,,,,,,,,,,,,,,,,,,,,,,50,13,10,0,0,11,16,20,6,0,5,0,,,,x14.80,x1.000,x1.15,x17.21,100.00%,0.00s,x20.78,46s,190s,x1.00,x5.79,x11.00,,190s,x3.32,1.80,,190s,x1.05,1.00,,,x1.00,x1.51,5.23E+02,,5.28E+02,5.27E+02,,,5.28E+02,5.32E+02,,5.24E+02,,5.25E+02,5.27E+02,,0.10143%,0.10298%,,,,0.10386%,0.08774%,,0.08986%,,0.09678%,0.09850%,,,,,,,1,,,,,,
,,,217:30:00,,Golden Tower Bonus,lvl 12,9d  1h 30m,0.10386%,528,1y 246d 21h 25m,,,,,,,,,,,,,,,,,,,,,,,,,,,,,,,,,,,,,,,,,,,,50,13,10,0,0,12,16,20,6,0,5,0,,,,x14.80,x1.000,x1.15,x17.21,100.00%,0.00s,x21.00,46s,190s,x1.00,x5.84,x11.00,,190s,x3.32,1.80,,190s,x1.05,1.00,,,x1.00,x1.51,5.28E+02,,5.33E+02,5.32E+02,,,5.33E+02,5.37E+02,,5.29E+02,,5.30E+02,5.32E+02,,0.10143%,0.10298%,,,,0.08728%,0.08791%,,0.08986%,,0.09678%,0.09850%,,,1,,,,,,,,,,
,,,206:14:00,,Standard Perks Bonus,lvl 14,8d 14h 14m,0.10298%,532,1y 255d 11h 39m,,,,,,,,,,,,,,,,,,,,,,,,,,,,,,,,,,,,,,,,,,,,50,14,10,0,0,12,16,20,6,0,5,0,,,,x14.93,x1.000,x1.15,x17.36,100.00%,0.00s,x21.00,46s,190s,x1.00,x5.84,x11.00,,190s,x3.32,1.80,,190s,x1.05,1.00,,,x1.00,x1.51,5.32E+02,,5.38E+02,5.37E+02,,,5.37E+02,5.42E+02,,5.34E+02,,5.34E+02,5.37E+02,,0.10143%,0.08232%,,,,0.08728%,0.08791%,,0.08986%,,0.09678%,0.09850%,,1,,,,,,,,,,,
,,,236:37:00,,Coins / Kill Bonus,lvl 51,9d 20h 37m,0.10143%,538,1y 265d  8h 16m,,,,,,,,,,,,,,,,,,,,,,,,,,,,,,,,,,,,,,,,,,,,51,14,10,0,0,12,16,20,6,0,5,0,,,,x15.08,x1.000,x1.15,x17.53,100.00%,0.00s,x21.00,46s,190s,x1.00,x5.84,x11.00,,190s,x3.32,1.80,,190s,x1.05,1.00,,,x1.00,x1.51,5.38E+02,,5.43E+02,5.43E+02,,,5.43E+02,5.47E+02,,5.39E+02,,5.40E+02,5.42E+02,,0.09582%,0.08232%,,,,0.08728%,0.08791%,,0.08986%,,0.09678%,0.09850%,,,,,,,,,,,,,1
,,,200:00:00,,Gold Bot - Duration,lvl 1,8d  8h  0m,0.09850%,542,1y 273d 16h 16m,,,,,,,,,,,,,,,,,,,,,,,,,,,,,,,,,,,,,,,,,,,,51,14,10,0,0,12,16,20,6,0,5,1,,,,x15.08,x1.000,x1.15,x17.53,100.00%,0.00s,x21.00,46s,190s,x1.00,x5.84,x11.00,,190s,x3.32,1.80,,190s,x1.05,1.00,,,x1.00,x1.52,5.42E+02,,5.48E+02,5.47E+02,,,5.47E+02,5.52E+02,,5.44E+02,,5.44E+02,5.47E+02,,0.09582%,0.08232%,,,,0.08728%,0.08791%,,0.08986%,,0.09833%,0.08495%,,,,,,,,,,,,1,
,,,86:56:00,,Gold Bot - Cooldown,lvl 6,3d 14h 56m,0.09833%,544,1y 277d  7h 12m,,,,,,,,,,,,,,,,,,,,,,,,,,,,,,,,,,,,,,,,,,,,51,14,10,0,0,12,16,20,6,0,6,1,,,,x15.08,x1.000,x1.15,x17.53,100.00%,0.00s,x21.00,46s,190s,x1.00,x5.84,x11.00,,190s,x3.32,1.80,,190s,x1.05,1.00,,,x1.00,x1.53,5.44E+02,,5.50E+02,5.49E+02,,,5.49E+02,5.54E+02,,5.46E+02,,5.46E+02,5.49E+02,,0.09582%,0.08232%,,,,0.08728%,0.08791%,,0.08986%,,0.08595%,0.08553%,,1,,,,,,,,,,,
,,,248:00:00,,Coins / Kill Bonus,lvl 52,10d  8h  0m,0.09582%,550,1y 287d 15h 12m,,,,,,,,,,,,,,,,,,,,,,,,,,,,,,,,,,,,,,,,,,,,52,14,10,0,0,12,16,20,6,0,6,1,,,,x15.23,x1.000,x1.15,x17.71,100.00%,0.00s,x21.00,46s,190s,x1.00,x5.84,x11.00,,190s,x3.32,1.80,,190s,x1.05,1.00,,,x1.00,x1.53,5.50E+02,,5.55E+02,5.54E+02,,,5.55E+02,5.59E+02,,5.51E+02,,5.52E+02,5.54E+02,,0.09060%,0.08232%,,,,0.08728%,0.08791%,,0.08986%,,0.08595%,0.08553%,,1,,,,,,,,,,,
,,,259:43:00,,Coins / Kill Bonus,lvl 53,10d 19h 43m,0.09060%,555,1y 298d 10h 55m,,,,,,,,,,,,,,,,,,,,,,,,,,,,,,,,,,,,,,,,,,,,53,14,10,0,0,12,16,20,6,0,6,1,,,,x15.38,x1.000,x1.15,x17.88,100.00%,0.00s,x21.00,46s,190s,x1.00,x5.84,x11.00,,190s,x3.32,1.80,,190s,x1.05,1.00,,,x1.00,x1.53,5.55E+02,,5.60E+02,5.60E+02,,,5.60E+02,5.65E+02,,5.57E+02,,5.57E+02,5.59E+02,,0.08574%,0.08232%,,,,0.08728%,0.08791%,,0.08986%,,0.08595%,0.08553%,,,,,,,,,,1,,,
,,,80:17:16,,Death Wave Coin Bonus,lvl 7,3d  8h 17m,0.08986%,557,1y 301d 19h 12m,,,,,,,,,,,,,,,,,,,,,,,,,,,,,,,,,,,,,,,,,,,,53,14,10,0,0,12,16,20,7,0,6,1,,,,x15.38,x1.000,x1.15,x17.88,100.00%,0.00s,x21.00,46s,190s,x1.00,x5.84,x11.00,,190s,x3.32,1.85,,190s,x1.05,1.00,,,x1.00,x1.53,5.57E+02,,5.62E+02,5.61E+02,,,5.62E+02,5.67E+02,,5.58E+02,,5.59E+02,5.61E+02,,0.08574%,0.08232%,,,,0.08728%,0.08791%,,0.07494%,,0.08595%,0.08553%,,,,,,,,1,,,,,
,,,491:54:00,,Golden Tower Duration,lvl 17,20d 11h 54m,0.08791%,567,1y 322d  7h  6m,,,,,,,,,,,,,,,,,,,,,,,,,,,,,,,,,,,,,,,,,,,,53,14,10,0,0,12,17,20,7,0,6,1,,,,x15.38,x1.000,x1.15,x17.88,100.00%,0.00s,x21.00,47s,190s,x1.00,x5.95,x11.00,,190s,x3.32,1.85,,190s,x1.05,1.00,,,x1.00,x1.53,5.67E+02,,5.72E+02,5.72E+02,,,5.72E+02,5.77E+02,,5.68E+02,,5.69E+02,5.71E+02,,0.08574%,0.08232%,,,,0.08760%,0.07381%,,0.07494%,,0.08595%,0.08553%,,,,,,,1,,,,,,
,,,256:23:00,,Golden Tower Bonus,lvl 13,10d 16h 23m,0.08760%,572,1y 332d 23h 29m,,,,,,,,,,,,,,,,,,,,,,,,,,,,,,,,,,,,,,,,,,,,53,14,10,0,0,13,17,20,7,0,6,1,,,,x15.38,x1.000,x1.15,x17.88,100.00%,0.00s,x21.23,47s,190s,x1.00,x6.00,x11.00,,190s,x3.32,1.85,,190s,x1.05,1.00,,,x1.00,x1.53,5.72E+02,,5.77E+02,5.77E+02,,,5.77E+02,5.82E+02,,5.74E+02,,5.74E+02,5.77E+02,,0.08574%,0.08232%,,,,0.07360%,0.07394%,,0.07494%,,0.08595%,0.08553%,,,,,,,,,,,,1,
,,,101:11:00,,Gold Bot - Cooldown,lvl 7,4d  5h 11m,0.08595%,574,1y 337d  4h 40m,,,,,,,,,,,,,,,,,,,,,,,,,,,,,,,,,,,,,,,,,,,,53,14,10,0,0,13,17,20,7,0,7,1,,,,x15.38,x1.000,x1.15,x17.88,100.00%,0.00s,x21.23,47s,190s,x1.00,x6.00,x11.00,,190s,x3.32,1.85,,190s,x1.05,1.00,,,x1.00,x1.53,5.74E+02,,5.80E+02,5.79E+02,,,5.79E+02,5.84E+02,,5.76E+02,,5.76E+02,5.79E+02,,0.08574%,0.08232%,,,,0.07360%,0.07394%,,0.07494%,,0.07459%,0.08612%,,,,,,,,,,,,,1
,,,230:00:00,,Gold Bot - Duration,lvl 2,9d 14h  0m,0.08612%,579,1y 346d 18h 40m,,,,,,,,,,,,,,,,,,,,,,,,,,,,,,,,,,,,,,,,,,,,53,14,10,0,0,13,17,20,7,0,7,2,,,,x15.38,x1.000,x1.15,x17.88,100.00%,0.00s,x21.23,47s,190s,x1.00,x6.00,x11.00,,190s,x3.32,1.85,,190s,x1.05,1.00,,,x1.00,x1.54,5.79E+02,,5.84E+02,5.84E+02,,,5.84E+02,5.89E+02,,5.80E+02,,5.81E+02,5.83E+02,,0.08574%,0.08232%,,,,0.07360%,0.07394%,,0.07494%,,0.07574%,0.07427%,,1,,,,,,,,,,,
,,,271:45:00,,Coins / Kill Bonus,lvl 54,11d  7h 45m,0.08574%,584,1y 358d  2h 25m,,,,,,,,,,,,,,,,,,,,,,,,,,,,,,,,,,,,,,,,,,,,54,14,10,0,0,13,17,20,7,0,7,2,,,,x15.53,x1.000,x1.15,x18.05,100.00%,0.00s,x21.23,47s,190s,x1.00,x6.00,x11.00,,190s,x3.32,1.85,,190s,x1.05,1.00,,,x1.00,x1.54,5.84E+02,,5.90E+02,5.89E+02,,,5.90E+02,5.95E+02,,5.86E+02,,5.87E+02,5.89E+02,,0.08123%,0.08232%,,,,0.07360%,0.07394%,,0.07494%,,0.07574%,0.07427%,,,1,,,,,,,,,,
,,,255:44:00,,Standard Perks Bonus,lvl 15,10d 15h 44m,0.08232%,589,2y 3d 18h  9m,,,,,,,,,,,,,,,,,,,,,,,,,,,,,,,,,,,,,,,,,,,,54,15,10,0,0,13,17,20,7,0,7,2,,,,x15.66,x1.000,x1.15,x18.21,100.00%,0.00s,x21.23,47s,190s,x1.00,x6.00,x11.00,,190s,x3.32,1.85,,190s,x1.05,1.00,,,x1.00,x1.54,5.89E+02,,5.95E+02,5.95E+02,,,5.95E+02,6.00E+02,,5.91E+02,,5.92E+02,5.94E+02,,0.08123%,0.06643%,,,,0.07360%,0.07394%,,0.07494%,,0.07574%,0.07427%,,1,,,,,,,,,,,